site,sector,url,ui_text,scraped_date,label_urgency,label_confirmshaming,label_hidden_costs,label_trick_question,label_roach_motel,label_misdirection
booking_com,travel,https://www.booking.com,Extranet login,2026-03-18,0,0,0,0,0,0
booking_com,travel,https://www.booking.com,Booking.com for Travel Agents,2026-03-18,0,0,0,0,0,0
booking_com,travel,https://www.booking.com,Seasonal and holiday deals,2026-03-18,0,0,0,0,0,0
booking_com,travel,https://www.booking.com,Oklahoma City hotels,2026-03-18,0,0,0,0,0,0
booking_com,travel,https://www.booking.com,São Miguel,2026-03-18,0,0,0,0,0,0
booking_com,travel,https://www.booking.com,Santorini,2026-03-18,0,0,0,0,0,0
booking_com,travel,https://www.booking.com,About Booking.com,2026-03-18,0,0,0,0,0,0
booking_com,travel,https://www.booking.com,Attractions,2026-03-18,0,0,0,0,0,0
booking_com,travel,https://www.booking.com,Contact Customer Service,2026-03-18,0,0,0,0,0,0
booking_com,travel,https://www.booking.com,New York hotels,2026-03-18,0,0,0,0,0,0
booking_com,travel,https://www.booking.com,Grand Canyon,2026-03-18,0,0,0,0,0,0
booking_com,travel,https://www.booking.com,Fort Worth hotels,2026-03-18,0,0,0,0,0,0
booking_com,travel,https://www.booking.com,Cruises,2026-03-18,0,0,0,0,0,0
booking_com,travel,https://www.booking.com,Traveller Review Awards,2026-03-18,0,0,0,0,0,0
booking_com,travel,https://www.booking.com,Stays,2026-03-18,0,0,0,0,0,0
booking_com,travel,https://www.booking.com,Louisville hotels,2026-03-18,0,0,0,0,0,0
booking_com,travel,https://www.booking.com,Tokyo,2026-03-18,0,0,0,0,0,0
booking_com,travel,https://www.booking.com,Car rental,2026-03-18,0,0,0,0,0,0
booking_com,travel,https://www.booking.com,Guest Houses,2026-03-18,0,0,0,0,0,0
booking_com,travel,https://www.booking.com,Places to stay,2026-03-18,0,0,0,0,0,0
booking_com,travel,https://www.booking.com,Dispute resolution,2026-03-18,0,0,0,0,0,0
booking_com,travel,https://www.booking.com,Flight + Hotel,2026-03-18,0,0,0,0,0,0
booking_com,travel,https://www.booking.com,2 adults · 0 children · 1 room,2026-03-18,1,0,0,0,0,0
booking_com,travel,https://www.booking.com,Austin hotels,2026-03-18,0,0,0,0,0,0
booking_com,travel,https://www.booking.com,USD,2026-03-18,0,0,0,0,0,0
booking_com,travel,https://www.booking.com,Tampa hotels,2026-03-18,0,0,0,0,0,0
booking_com,travel,https://www.booking.com,Galveston hotels,2026-03-18,0,0,0,0,0,0
booking_com,travel,https://www.booking.com,Register,2026-03-18,0,0,0,0,0,0
booking_com,travel,https://www.booking.com,Sustainability,2026-03-18,0,0,0,0,0,0
booking_com,travel,https://www.booking.com,Phoenix hotels,2026-03-18,0,0,0,0,0,0
booking_com,travel,https://www.booking.com,Fort Lauderdale hotels,2026-03-18,0,0,0,0,0,0
booking_com,travel,https://www.booking.com,All flight destinations,2026-03-18,0,0,0,0,0,0
booking_com,travel,https://www.booking.com,Careers,2026-03-18,0,0,0,0,0,0
booking_com,travel,https://www.booking.com,St. Augustine hotels,2026-03-18,0,0,0,0,0,0
booking_com,travel,https://www.booking.com,Nashville hotels,2026-03-18,0,0,0,0,0,0
booking_com,travel,https://www.booking.com,Las Vegas hotels,2026-03-18,0,0,0,0,0,0
booking_com,travel,https://www.booking.com,Manage your trips,2026-03-18,0,0,0,0,0,0
booking_com,travel,https://www.booking.com,Niseko Ski,2026-03-18,0,0,0,0,0,0
booking_com,travel,https://www.booking.com,Florida Keys,2026-03-18,0,0,0,0,0,0
booking_com,travel,https://www.booking.com,San Antonio hotels,2026-03-18,0,0,0,0,0,0
booking_com,travel,https://www.booking.com,Boutique Hotels,2026-03-18,0,0,0,0,0,0
booking_com,travel,https://www.booking.com,Destin hotels,2026-03-18,0,0,0,0,0,0
booking_com,travel,https://www.booking.com,Breckenridge hotels,2026-03-18,0,0,0,0,0,0
booking_com,travel,https://www.booking.com,Santa Cruz hotels,2026-03-18,0,0,0,0,0,0
booking_com,travel,https://www.booking.com,Dubrovnik hotels,2026-03-18,0,0,0,0,0,0
booking_com,travel,https://www.booking.com,Guides,2026-03-18,0,0,0,0,0,0
booking_com,travel,https://www.booking.com,Skip to main content,2026-03-18,0,0,0,0,0,0
booking_com,travel,https://www.booking.com,Malé hotels,2026-03-18,0,0,0,0,0,0
booking_com,travel,https://www.booking.com,Tulum hotels,2026-03-18,0,0,0,0,0,0
booking_com,travel,https://www.booking.com,Villas,2026-03-18,0,0,0,0,0,0
booking_com,travel,https://www.booking.com,All destinations,2026-03-18,0,0,0,0,0,0
booking_com,travel,https://www.booking.com,Riverside hotels,2026-03-18,0,0,0,0,0,0
booking_com,travel,https://www.booking.com,Yosemite National Park,2026-03-18,0,0,0,0,0,0
booking_com,travel,https://www.booking.com,Press center,2026-03-18,0,0,0,0,0,0
booking_com,travel,https://www.booking.com,Puerto Natales hotels,2026-03-18,0,0,0,0,0,0
booking_com,travel,https://www.booking.com,United States,2026-03-18,0,0,0,0,0,0
booking_com,travel,https://www.booking.com,San Jose hotels,2026-03-18,0,0,0,0,0,0
booking_com,travel,https://www.booking.com,Bakersfield hotels,2026-03-18,0,0,0,0,0,0
booking_com,travel,https://www.booking.com,Springfield hotels,2026-03-18,0,0,0,0,0,0
booking_com,travel,https://www.booking.com,Seattle hotels,2026-03-18,0,0,0,0,0,0
booking_com,travel,https://www.booking.com,Toronto hotels,2026-03-18,0,0,0,0,0,0
booking_com,travel,https://www.booking.com,Chicago hotels,2026-03-18,0,0,0,0,0,0
booking_com,travel,https://www.booking.com,Disney World Area,2026-03-18,0,0,0,0,0,0
booking_com,travel,https://www.booking.com,Pet-Friendly Hotels,2026-03-18,0,0,0,0,0,0
booking_com,travel,https://www.booking.com,Places of interest,2026-03-18,0,0,0,0,0,0
booking_com,travel,https://www.booking.com,Rome hotels,2026-03-18,0,0,0,0,0,0
booking_com,travel,https://www.booking.com,Charlotte hotels,2026-03-18,0,0,0,0,0,0
booking_com,travel,https://www.booking.com,Colombia,2026-03-18,0,0,0,0,0,0
booking_com,travel,https://www.booking.com,5-Star Hotels,2026-03-18,0,0,0,0,0,0
booking_com,travel,https://www.booking.com,Modern Slavery Statement,2026-03-18,0,0,0,0,0,0
booking_com,travel,https://www.booking.com,Saint Louis hotels,2026-03-18,0,0,0,0,0,0
booking_com,travel,https://www.booking.com,Costa Rica,2026-03-18,0,0,0,0,0,0
booking_com,travel,https://www.booking.com,Orange County,2026-03-18,0,0,0,0,0,0
booking_com,travel,https://www.booking.com,Niagara Falls hotels,2026-03-18,0,0,0,0,0,0
booking_com,travel,https://www.booking.com,New Zealand,2026-03-18,0,0,0,0,0,0
booking_com,travel,https://www.booking.com,Jacksonville hotels,2026-03-18,0,0,0,0,0,0
booking_com,travel,https://www.booking.com,Hotels with Pools,2026-03-18,0,0,0,0,0,0
booking_com,travel,https://www.booking.com,Atlanta hotels,2026-03-18,0,0,0,0,0,0
booking_com,travel,https://www.booking.com,Spain,2026-03-18,0,0,0,0,0,0
booking_com,travel,https://www.booking.com,Safety Resource Center,2026-03-18,0,0,0,0,0,0
booking_com,travel,https://www.booking.com,Airport taxis,2026-03-18,0,0,0,0,0,0
booking_com,travel,https://www.booking.com,Columbus hotels,2026-03-18,0,0,0,0,0,0
booking_com,travel,https://www.booking.com,Accessibility Statement,2026-03-18,0,0,0,0,0,0
booking_com,travel,https://www.booking.com,Partner help,2026-03-18,0,0,0,0,0,0
booking_com,travel,https://www.booking.com,Houston hotels,2026-03-18,0,0,0,0,0,0
booking_com,travel,https://www.booking.com,More,2026-03-18,0,0,0,0,0,0
booking_com,travel,https://www.booking.com,Cheap hotels,2026-03-18,0,0,0,0,0,0
booking_com,travel,https://www.booking.com,Regions,2026-03-18,0,0,0,0,0,0
booking_com,travel,https://www.booking.com,Germany,2026-03-18,0,0,0,0,0,0
booking_com,travel,https://www.booking.com,Panama City Beach hotels,2026-03-18,0,0,0,0,0,0
booking_com,travel,https://www.booking.com,Travel articles,2026-03-18,0,0,0,0,0,0
booking_com,travel,https://www.booking.com,Granada hotels,2026-03-18,0,0,0,0,0,0
booking_com,travel,https://www.booking.com,Flight finder,2026-03-18,0,0,0,0,0,0
booking_com,travel,https://www.booking.com,Atlanta,2026-03-18,0,0,0,0,0,0
booking_com,travel,https://www.booking.com,Capsule Hotels,2026-03-18,0,0,0,0,0,0
booking_com,travel,https://www.booking.com,Mexico,2026-03-18,0,0,0,0,0,0
booking_com,travel,https://www.booking.com,Privacy Notice,2026-03-18,0,0,0,0,0,0
booking_com,travel,https://www.booking.com,Tucson hotels,2026-03-18,0,0,0,0,0,0
booking_com,travel,https://www.booking.com,India,2026-03-18,0,0,0,0,0,0
booking_com,travel,https://www.booking.com,Miami Beach hotels,2026-03-18,0,0,0,0,0,0
booking_com,travel,https://www.booking.com,Hotels,2026-03-18,0,0,0,0,0,0
booking_com,travel,https://www.booking.com,Cape Cod,2026-03-18,0,0,0,0,0,0
booking_com,travel,https://www.booking.com,How We Work,2026-03-18,0,0,0,0,0,0
booking_com,travel,https://www.booking.com,Reno hotels,2026-03-18,0,0,0,0,0,0
booking_com,travel,https://www.booking.com,Italy,2026-03-18,0,0,0,0,0,0
booking_com,travel,https://www.booking.com,Miami hotels,2026-03-18,0,0,0,0,0,0
booking_com,travel,https://www.booking.com,Terms of Service,2026-03-18,0,0,0,0,0,0
booking_com,travel,https://www.booking.com,Resorts,2026-03-18,0,0,0,0,0,0
booking_com,travel,https://www.booking.com,Discover,2026-03-18,0,0,0,0,0,0
booking_com,travel,https://www.booking.com,Hostels,2026-03-18,0,0,0,0,0,0
booking_com,travel,https://www.booking.com,Discover monthly stays,2026-03-18,0,0,0,0,0,0
booking_com,travel,https://www.booking.com,Kyoto,2026-03-18,0,0,0,0,0,0
booking_com,travel,https://www.booking.com,Portland hotels,2026-03-18,0,0,0,0,0,0
booking_com,travel,https://www.booking.com,Cities,2026-03-18,0,0,0,0,0,0
booking_com,travel,https://www.booking.com,Countries,2026-03-18,0,0,0,0,0,0
booking_com,travel,https://www.booking.com,Luxury Hotels,2026-03-18,0,0,0,0,0,0
booking_com,travel,https://www.booking.com,New Orleans hotels,2026-03-18,0,0,0,0,0,0
booking_com,travel,https://www.booking.com,San Francisco hotels,2026-03-18,0,0,0,0,0,0
booking_com,travel,https://www.booking.com,Lake Tahoe,2026-03-18,0,0,0,0,0,0
booking_com,travel,https://www.booking.com,Family Hotels,2026-03-18,0,0,0,0,0,0
booking_com,travel,https://www.booking.com,Corporate contact,2026-03-18,0,0,0,0,0,0
booking_com,travel,https://www.booking.com,Properties with Onsen,2026-03-18,0,0,0,0,0,0
booking_com,travel,https://www.booking.com,Mammoth Lakes hotels,2026-03-18,0,0,0,0,0,0
booking_com,travel,https://www.booking.com,Savannah hotels,2026-03-18,0,0,0,0,0,0
booking_com,travel,https://www.booking.com,Domestic cities,2026-03-18,0,0,0,0,0,0
booking_com,travel,https://www.booking.com,Montreal hotels,2026-03-18,0,0,0,0,0,0
booking_com,travel,https://www.booking.com,Oahu,2026-03-18,0,0,0,0,0,0
booking_com,travel,https://www.booking.com,Districts,2026-03-18,0,0,0,0,0,0
booking_com,travel,https://www.booking.com,Genius loyalty program,2026-03-18,0,0,0,0,0,0
booking_com,travel,https://www.booking.com,Canada,2026-03-18,0,0,0,0,0,0
booking_com,travel,https://www.booking.com,Hotels with Parking,2026-03-18,0,0,0,0,0,0
booking_com,travel,https://www.booking.com,Palm Springs hotels,2026-03-18,0,0,0,0,0,0
booking_com,travel,https://www.booking.com,France,2026-03-18,0,0,0,0,0,0
booking_com,travel,https://www.booking.com,Explore the card,2026-03-18,0,0,0,0,0,0
booking_com,travel,https://www.booking.com,Vietnam,2026-03-18,0,0,0,0,0,0
booking_com,travel,https://www.booking.com,Beach Hotels,2026-03-18,0,0,0,0,0,0
booking_com,travel,https://www.booking.com,B&Bs,2026-03-18,0,0,0,0,0,0
booking_com,travel,https://www.booking.com,Croatia,2026-03-18,0,0,0,0,0,0
booking_com,travel,https://www.booking.com,Ryokans,2026-03-18,0,0,0,0,0,0
booking_com,travel,https://www.booking.com,Add flights to my search,2026-03-18,0,0,0,0,0,0
booking_com,travel,https://www.booking.com,Denver hotels,2026-03-18,0,0,0,0,0,0
booking_com,travel,https://www.booking.com,Maldives,2026-03-18,0,0,0,0,0,0
booking_com,travel,https://www.booking.com,Amsterdam hotels,2026-03-18,0,0,0,0,0,0
booking_com,travel,https://www.booking.com,Switzerland,2026-03-18,0,0,0,0,0,0
booking_com,travel,https://www.booking.com,Airports,2026-03-18,0,0,0,0,0,0
booking_com,travel,https://www.booking.com,Boston hotels,2026-03-18,0,0,0,0,0,0
booking_com,travel,https://www.booking.com,Bangkok hotels,2026-03-18,0,0,0,0,0,0
booking_com,travel,https://www.booking.com,Cocoa Beach hotels,2026-03-18,0,0,0,0,0,0
booking_com,travel,https://www.booking.com,Tokyo hotels,2026-03-18,0,0,0,0,0,0
booking_com,travel,https://www.booking.com,Barcelona hotels,2026-03-18,0,0,0,0,0,0
booking_com,travel,https://www.booking.com,Orlando,2026-03-18,0,0,0,0,0,0
booking_com,travel,https://www.booking.com,Booking.com for Business,2026-03-18,0,0,0,0,0,0
booking_com,travel,https://www.booking.com,Myrtle Beach hotels,2026-03-18,0,0,0,0,0,0
booking_com,travel,https://www.booking.com,Gatlinburg hotels,2026-03-18,0,0,0,0,0,0
booking_com,travel,https://www.booking.com,South Lake Tahoe hotels,2026-03-18,0,0,0,0,0,0
booking_com,travel,https://www.booking.com,Kauai,2026-03-18,0,0,0,0,0,0
booking_com,travel,https://www.booking.com,List your property,2026-03-18,0,0,0,0,0,0
booking_com,travel,https://www.booking.com,Black Forest,2026-03-18,0,0,0,0,0,0
booking_com,travel,https://www.booking.com,Vacation Homes,2026-03-18,0,0,0,0,0,0
booking_com,travel,https://www.booking.com,North Iceland,2026-03-18,0,0,0,0,0,0
booking_com,travel,https://www.booking.com,Flights,2026-03-18,0,0,0,0,0,0
booking_com,travel,https://www.booking.com,Florence hotels,2026-03-18,0,0,0,0,0,0
booking_com,travel,https://www.booking.com,Los Angeles hotels,2026-03-18,0,0,0,0,0,0
booking_com,travel,https://www.booking.com,Ocean City hotels,2026-03-18,0,0,0,0,0,0
booking_com,travel,https://www.booking.com,Tallahassee hotels,2026-03-18,0,0,0,0,0,0
booking_com,travel,https://www.booking.com,All car rental locations,2026-03-18,0,0,0,0,0,0
booking_com,travel,https://www.booking.com,Thailand,2026-03-18,0,0,0,0,0,0
booking_com,travel,https://www.booking.com,Kansas City hotels,2026-03-18,0,0,0,0,0,0
booking_com,travel,https://www.booking.com,All vacation destinations,2026-03-18,0,0,0,0,0,0
booking_com,travel,https://www.booking.com,Restaurant reservations,2026-03-18,0,0,0,0,0,0
booking_com,travel,https://www.booking.com,San Diego hotels,2026-03-18,0,0,0,0,0,0
booking_com,travel,https://www.booking.com,Long Island,2026-03-18,0,0,0,0,0,0
booking_com,travel,https://www.booking.com,Investor relations,2026-03-18,0,0,0,0,0,0
booking_com,travel,https://www.booking.com,New Jersey,2026-03-18,0,0,0,0,0,0
booking_com,travel,https://www.booking.com,"Washington, D.C. hotels",2026-03-18,0,0,0,0,0,0
booking_com,travel,https://www.booking.com,South Carolina,2026-03-18,0,0,0,0,0,0
booking_com,travel,https://www.booking.com,Hahei hotels,2026-03-18,0,0,0,0,0,0
booking_com,travel,https://www.booking.com,Japan,2026-03-18,0,0,0,0,0,0
booking_com,travel,https://www.booking.com,Argentina,2026-03-18,0,0,0,0,0,0
booking_com,travel,https://www.booking.com,Become an affiliate,2026-03-18,0,0,0,0,0,0
booking_com,travel,https://www.booking.com,New York,2026-03-18,0,0,0,0,0,0
booking_com,travel,https://www.booking.com,Human Rights Statement,2026-03-18,0,0,0,0,0,0
booking_com,travel,https://www.booking.com,Content guidelines and reporting,2026-03-18,0,0,0,0,0,0
booking_com,travel,https://www.booking.com,Motels,2026-03-18,0,0,0,0,0,0
booking_com,travel,https://www.booking.com,Amarillo hotels,2026-03-18,0,0,0,0,0,0
booking_com,travel,https://www.booking.com,International cities,2026-03-18,0,0,0,0,0,0
booking_com,travel,https://www.booking.com,Unique places to stay,2026-03-18,0,0,0,0,0,0
booking_com,travel,https://www.booking.com,Raleigh hotels,2026-03-18,0,0,0,0,0,0
booking_com,travel,https://www.booking.com,Borneo,2026-03-18,0,0,0,0,0,0
booking_com,travel,https://www.booking.com,Apartments,2026-03-18,0,0,0,0,0,0
booking_com,travel,https://www.booking.com,Brooklyn hotels,2026-03-18,0,0,0,0,0,0
booking_com,travel,https://www.booking.com,Search,2026-03-18,0,0,0,0,0,0
booking_com,travel,https://www.booking.com,Serviced apartments,2026-03-18,0,0,0,0,0,0
booking_com,travel,https://www.booking.com,Orlando hotels,2026-03-18,0,0,0,0,0,0
booking_com,travel,https://www.booking.com,Sorrento hotels,2026-03-18,0,0,0,0,0,0
booking_com,travel,https://www.booking.com,United Kingdom,2026-03-18,0,0,0,0,0,0
booking_com,travel,https://www.booking.com,Las Vegas,2026-03-18,0,0,0,0,0,0
booking_com,travel,https://www.booking.com,Caribbean Islands,2026-03-18,0,0,0,0,0,0
booking_com,travel,https://www.booking.com,Pigeon Forge hotels,2026-03-18,0,0,0,0,0,0
booking_com,travel,https://www.booking.com,Cusco hotels,2026-03-18,0,0,0,0,0,0
booking_com,travel,https://www.booking.com,Daytona Beach hotels,2026-03-18,0,0,0,0,0,0
booking_com,travel,https://www.booking.com,San Juan hotels,2026-03-18,0,0,0,0,0,0
booking_com,travel,https://www.booking.com,Sign in,2026-03-18,0,0,0,0,0,0
booking_com,travel,https://www.booking.com,Peru,2026-03-18,0,0,0,0,0,0
booking_com,travel,https://www.booking.com,Paris hotels,2026-03-18,0,0,0,0,0,0
booking_com,travel,https://www.booking.com,"Check-in date
—
Check-out date",2026-03-18,0,0,0,0,0,0
booking_com,travel,https://www.booking.com,Learn more,2026-03-18,0,0,0,0,0,0
booking_com,travel,https://www.booking.com,Kissimmee hotels,2026-03-18,0,0,0,0,0,0
booking_com,travel,https://www.booking.com,Kyoto hotels,2026-03-18,0,0,0,0,0,0
booking_com,travel,https://www.booking.com,Zermatt hotels,2026-03-18,0,0,0,0,0,0
booking_com,travel,https://www.booking.com,Detroit hotels,2026-03-18,0,0,0,0,0,0
cleartrip,travel,https://www.cleartrip.com,Delta Airlines,2026-03-18,0,0,0,0,0,0
cleartrip,travel,https://www.cleartrip.com,The Beatle Hotel,2026-03-18,0,0,0,0,0,0
cleartrip,travel,https://www.cleartrip.com,Spicejet,2026-03-18,0,0,0,0,0,0
cleartrip,travel,https://www.cleartrip.com,Hotels in Mussoorie,2026-03-18,0,0,0,0,0,0
cleartrip,travel,https://www.cleartrip.com,Air India Express Trichy to Sharjah Flights,2026-03-18,0,0,0,0,0,0
cleartrip,travel,https://www.cleartrip.com,Flight Booking,2026-03-18,0,0,0,0,0,0
cleartrip,travel,https://www.cleartrip.com,Hotel Ramada,2026-03-18,0,0,0,0,0,0
cleartrip,travel,https://www.cleartrip.com,Collections,2026-03-18,0,0,0,0,0,0
cleartrip,travel,https://www.cleartrip.com,Aauris,2026-03-18,0,0,0,0,0,0
cleartrip,travel,https://www.cleartrip.com,Hash Six Hotel,2026-03-18,0,0,0,0,0,0
cleartrip,travel,https://www.cleartrip.com,The Pride Hotel Chennai,2026-03-18,0,0,0,0,0,0
cleartrip,travel,https://www.cleartrip.com,Delhi To Almaty Flights,2026-03-18,0,0,0,0,0,0
cleartrip,travel,https://www.cleartrip.com,Hotels Offers,2026-03-18,0,0,0,0,0,0
cleartrip,travel,https://www.cleartrip.com,Hotel Caspia New Delhi Shalimar Bagh,2026-03-18,0,0,0,0,0,0
cleartrip,travel,https://www.cleartrip.com,Hotels in Dehradun,2026-03-18,0,0,0,0,0,0
cleartrip,travel,https://www.cleartrip.com,Support,2026-03-18,0,0,0,0,0,0
cleartrip,travel,https://www.cleartrip.com,Etihad Airways Airlines,2026-03-18,0,0,0,0,0,0
cleartrip,travel,https://www.cleartrip.com,Hyatt Centric Janakpuri New Delhi,2026-03-18,0,0,0,0,0,0
cleartrip,travel,https://www.cleartrip.com,HOTEL ORTUS,2026-03-18,0,0,0,0,0,0
cleartrip,travel,https://www.cleartrip.com,"Goa

3051 Properties",2026-03-18,0,0,0,0,0,0
cleartrip,travel,https://www.cleartrip.com,Bangalore To Singapore Flights,2026-03-18,0,0,0,0,0,0
cleartrip,travel,https://www.cleartrip.com,United Airlines,2026-03-18,0,0,0,0,0,0
cleartrip,travel,https://www.cleartrip.com,Hotel Mountview,2026-03-18,0,0,0,0,0,0
cleartrip,travel,https://www.cleartrip.com,Cleartrip for Business,2026-03-18,0,0,0,0,0,0
cleartrip,travel,https://www.cleartrip.com,Mumbai To Kolhapur Flights,2026-03-18,0,0,0,0,0,0
cleartrip,travel,https://www.cleartrip.com,ClearChoice Max,2026-03-18,0,0,0,0,0,0
cleartrip,travel,https://www.cleartrip.com,Hotels in Kochi,2026-03-18,0,0,0,0,0,0
cleartrip,travel,https://www.cleartrip.com,The Retreat Hotel Convention Centre,2026-03-18,0,0,0,0,0,0
cleartrip,travel,https://www.cleartrip.com,Hyderabad To Goa Flights,2026-03-18,0,0,0,0,0,0
cleartrip,travel,https://www.cleartrip.com,Hotels in Noida,2026-03-18,0,0,0,0,0,0
cleartrip,travel,https://www.cleartrip.com,Clarion Bella Casa,2026-03-18,0,0,0,0,0,0
cleartrip,travel,https://www.cleartrip.com,Hotels in Chandigarh,2026-03-18,0,0,0,0,0,0
cleartrip,travel,https://www.cleartrip.com,Hyderabad To Bangalore Flights,2026-03-18,0,0,0,0,0,0
cleartrip,travel,https://www.cleartrip.com,Vietnam Airlines,2026-03-18,0,0,0,0,0,0
cleartrip,travel,https://www.cleartrip.com,Indigo Mumbai to Dubai Flights,2026-03-18,0,0,0,0,0,0
cleartrip,travel,https://www.cleartrip.com,· Privacy,2026-03-18,0,0,0,0,0,0
cleartrip,travel,https://www.cleartrip.com,Spicejet Delhi to Guwahati Flights,2026-03-18,0,0,0,0,0,0
cleartrip,travel,https://www.cleartrip.com,Hotels in Goa,2026-03-18,0,0,0,0,0,0
cleartrip,travel,https://www.cleartrip.com,Treatotel Hotel,2026-03-18,0,0,0,0,0,0
cleartrip,travel,https://www.cleartrip.com,Roseate House,2026-03-18,0,0,0,0,0,0
cleartrip,travel,https://www.cleartrip.com,Kolkata To Delhi Flights,2026-03-18,0,0,0,0,0,0
cleartrip,travel,https://www.cleartrip.com,Mumbai To Ahmedabad Flights,2026-03-18,0,0,0,0,0,0
cleartrip,travel,https://www.cleartrip.com,Lime Boutique Hotel,2026-03-18,0,0,0,0,0,0
cleartrip,travel,https://www.cleartrip.com,Air India Delhi to Goa Flights,2026-03-18,0,0,0,0,0,0
cleartrip,travel,https://www.cleartrip.com,Hotels in Hyderabad,2026-03-18,0,0,0,0,0,0
cleartrip,travel,https://www.cleartrip.com,Anya Gurgaon,2026-03-18,0,0,0,0,0,0
cleartrip,travel,https://www.cleartrip.com,Fariyas Resort Lonavala,2026-03-18,0,0,0,0,0,0
cleartrip,travel,https://www.cleartrip.com,Virasat Mahal Heritage Hotel,2026-03-18,0,0,0,0,0,0
cleartrip,travel,https://www.cleartrip.com,International Flights,2026-03-18,0,0,0,0,0,0
cleartrip,travel,https://www.cleartrip.com,The Pllazio Hotel,2026-03-18,0,0,0,0,0,0
cleartrip,travel,https://www.cleartrip.com,Hotel Sapphire,2026-03-18,0,0,0,0,0,0
cleartrip,travel,https://www.cleartrip.com,Hotel Le Royal Park,2026-03-18,0,0,0,0,0,0
cleartrip,travel,https://www.cleartrip.com,Hotel Oyster,2026-03-18,0,0,0,0,0,0
cleartrip,travel,https://www.cleartrip.com,Japan Airlines,2026-03-18,0,0,0,0,0,0
cleartrip,travel,https://www.cleartrip.com,One way,2026-03-18,0,0,0,0,0,0
cleartrip,travel,https://www.cleartrip.com,About Us,2026-03-18,0,0,0,0,0,0
cleartrip,travel,https://www.cleartrip.com,Delhi To Goa Flights,2026-03-18,0,0,0,0,0,0
cleartrip,travel,https://www.cleartrip.com,Crowne Plaza Pune City Centre an IHG Hotel,2026-03-18,0,0,0,0,0,0
cleartrip,travel,https://www.cleartrip.com,Indigo,2026-03-18,0,0,0,0,0,0
cleartrip,travel,https://www.cleartrip.com,Grand Uniara,2026-03-18,0,0,0,0,0,0
cleartrip,travel,https://www.cleartrip.com,Mumbai To Goa Flights,2026-03-18,0,0,0,0,0,0
cleartrip,travel,https://www.cleartrip.com,Delhi To Dubai Flights,2026-03-18,0,0,0,0,0,0
cleartrip,travel,https://www.cleartrip.com,Log in,2026-03-18,0,0,0,0,0,0
cleartrip,travel,https://www.cleartrip.com,Bangalore To Prayagraj Flights,2026-03-18,0,0,0,0,0,0
cleartrip,travel,https://www.cleartrip.com,The LaLiT Great Eastern Kolkata,2026-03-18,0,0,0,0,0,0
cleartrip,travel,https://www.cleartrip.com,Search flights,2026-03-18,0,0,0,0,0,0
cleartrip,travel,https://www.cleartrip.com,Anjushree,2026-03-18,0,0,0,0,0,0
cleartrip,travel,https://www.cleartrip.com,Etihad Airways Bangalore to Abu Dhabi Flights,2026-03-18,0,0,0,0,0,0
cleartrip,travel,https://www.cleartrip.com,Delhi To Patna Flights,2026-03-18,0,0,0,0,0,0
cleartrip,travel,https://www.cleartrip.com,Kolkata To Dubai Flights,2026-03-18,0,0,0,0,0,0
cleartrip,travel,https://www.cleartrip.com,Raj Park,2026-03-18,0,0,0,0,0,0
cleartrip,travel,https://www.cleartrip.com,Delhi To Kathmandu Flights,2026-03-18,0,0,0,0,0,0
cleartrip,travel,https://www.cleartrip.com,Hotel Darshan,2026-03-18,0,0,0,0,0,0
cleartrip,travel,https://www.cleartrip.com,Swosti Chilika Resort,2026-03-18,0,0,0,0,0,0
cleartrip,travel,https://www.cleartrip.com,Air India Mumbai to Delhi Flights,2026-03-18,0,0,0,0,0,0
cleartrip,travel,https://www.cleartrip.com,Srilankan Airlines,2026-03-18,0,0,0,0,0,0
cleartrip,travel,https://www.cleartrip.com,JP Cordial,2026-03-18,0,0,0,0,0,0
cleartrip,travel,https://www.cleartrip.com,Star Air Airlines,2026-03-18,0,0,0,0,0,0
cleartrip,travel,https://www.cleartrip.com,Hotels in Manali,2026-03-18,0,0,0,0,0,0
cleartrip,travel,https://www.cleartrip.com,Hotels in Lucknow,2026-03-18,0,0,0,0,0,0
cleartrip,travel,https://www.cleartrip.com,Mayfair Palm Beach Resort Gopalpur,2026-03-18,0,0,0,0,0,0
cleartrip,travel,https://www.cleartrip.com,Guwahati To Shillong Flights,2026-03-18,0,0,0,0,0,0
cleartrip,travel,https://www.cleartrip.com,The Windflower Resorts and Spa Prakruthi Bengaluru,2026-03-18,0,0,0,0,0,0
cleartrip,travel,https://www.cleartrip.com,FAQs,2026-03-18,0,0,0,0,0,0
cleartrip,travel,https://www.cleartrip.com,Hotel Hindusthan International Bhubaneswar,2026-03-18,0,0,0,0,0,0
cleartrip,travel,https://www.cleartrip.com,India to China Flights,2026-03-18,0,0,0,0,0,0
cleartrip,travel,https://www.cleartrip.com,Akasa Air Pune to Bangalore Flights,2026-03-18,0,0,0,0,0,0
cleartrip,travel,https://www.cleartrip.com,Bus Offers,2026-03-18,0,0,0,0,0,0
cleartrip,travel,https://www.cleartrip.com,Mobile,2026-03-18,0,0,0,0,0,0
cleartrip,travel,https://www.cleartrip.com,Indigo Delhi to Goa Flights,2026-03-18,0,0,0,0,0,0
cleartrip,travel,https://www.cleartrip.com,Ramada by Wyndham New Delhi Pitampura,2026-03-18,0,0,0,0,0,0
cleartrip,travel,https://www.cleartrip.com,Delhi To Hong Kong Flights,2026-03-18,0,0,0,0,0,0
cleartrip,travel,https://www.cleartrip.com,De sovrani,2026-03-18,0,0,0,0,0,0
cleartrip,travel,https://www.cleartrip.com,Domestic Airlines,2026-03-18,0,0,0,0,0,0
cleartrip,travel,https://www.cleartrip.com,Delhi To Bangkok Flights,2026-03-18,0,0,0,0,0,0
cleartrip,travel,https://www.cleartrip.com,Hotels in Mahabaleshwar,2026-03-18,0,0,0,0,0,0
cleartrip,travel,https://www.cleartrip.com,Hyderabad To Delhi Flights,2026-03-18,0,0,0,0,0,0
cleartrip,travel,https://www.cleartrip.com,Indigo Delhi to Bangalore Flights,2026-03-18,0,0,0,0,0,0
cleartrip,travel,https://www.cleartrip.com,Holidays,2026-03-18,0,0,0,0,0,0
cleartrip,travel,https://www.cleartrip.com,Four Point by Sheraton Pune,2026-03-18,0,0,0,0,0,0
cleartrip,travel,https://www.cleartrip.com,Air Asia Airlines,2026-03-18,0,0,0,0,0,0
cleartrip,travel,https://www.cleartrip.com,Old Goa Residency (Goa Tourism),2026-03-18,0,0,0,0,0,0
cleartrip,travel,https://www.cleartrip.com,Mumbai To Dubai Flights,2026-03-18,0,0,0,0,0,0
cleartrip,travel,https://www.cleartrip.com,Saudia Airlines,2026-03-18,0,0,0,0,0,0
cleartrip,travel,https://www.cleartrip.com,Sahara Star,2026-03-18,0,0,0,0,0,0
cleartrip,travel,https://www.cleartrip.com,The Park New Delhi,2026-03-18,0,0,0,0,0,0
cleartrip,travel,https://www.cleartrip.com,Ahmedabad To Mumbai Flights,2026-03-18,0,0,0,0,0,0
cleartrip,travel,https://www.cleartrip.com,Hotel Milan International,2026-03-18,0,0,0,0,0,0
cleartrip,travel,https://www.cleartrip.com,Cleartrip for Work,2026-03-18,0,0,0,0,0,0
cleartrip,travel,https://www.cleartrip.com,Delhi To Guwahati Flights,2026-03-18,0,0,0,0,0,0
cleartrip,travel,https://www.cleartrip.com,· Grievance Redressal,2026-03-18,0,0,0,0,0,0
cleartrip,travel,https://www.cleartrip.com,Delhi To Singapore Flights,2026-03-18,0,0,0,0,0,0
cleartrip,travel,https://www.cleartrip.com,Air India Express,2026-03-18,0,0,0,0,0,0
cleartrip,travel,https://www.cleartrip.com,IIDL Suites New Delhi,2026-03-18,0,0,0,0,0,0
cleartrip,travel,https://www.cleartrip.com,Vythiri Village,2026-03-18,0,0,0,0,0,0
cleartrip,travel,https://www.cleartrip.com,Hotels in Udaipur,2026-03-18,0,0,0,0,0,0
cleartrip,travel,https://www.cleartrip.com,"Ramada Plaza, Chandigarh, Zirakpur",2026-03-18,0,0,0,0,0,0
cleartrip,travel,https://www.cleartrip.com,Hotels in Agra,2026-03-18,0,0,0,0,0,0
cleartrip,travel,https://www.cleartrip.com,India to Laos Flights,2026-03-18,0,0,0,0,0,0
cleartrip,travel,https://www.cleartrip.com,Hotel Tip Top International,2026-03-18,0,0,0,0,0,0
cleartrip,travel,https://www.cleartrip.com,Delhi To Chennai Flights,2026-03-18,0,0,0,0,0,0
cleartrip,travel,https://www.cleartrip.com,The Resort,2026-03-18,0,0,0,0,0,0
cleartrip,travel,https://www.cleartrip.com,Hotel Naveen,2026-03-18,0,0,0,0,0,0
cleartrip,travel,https://www.cleartrip.com,Indigo Mumbai to Delhi Flights,2026-03-18,0,0,0,0,0,0
cleartrip,travel,https://www.cleartrip.com,"The Fern Residency, Jaipur",2026-03-18,0,0,0,0,0,0
cleartrip,travel,https://www.cleartrip.com,Click here to know more,2026-03-18,0,0,0,0,0,0
cleartrip,travel,https://www.cleartrip.com,The Park Kolkata,2026-03-18,0,0,0,0,0,0
cleartrip,travel,https://www.cleartrip.com,Golden Tulip Suites Gurgaon,2026-03-18,0,0,0,0,0,0
cleartrip,travel,https://www.cleartrip.com,Malaysia Airlines,2026-03-18,0,0,0,0,0,0
cleartrip,travel,https://www.cleartrip.com,Hotels in Kolkata,2026-03-18,0,0,0,0,0,0
cleartrip,travel,https://www.cleartrip.com,Ethiopian Air Airlines,2026-03-18,0,0,0,0,0,0
cleartrip,travel,https://www.cleartrip.com,Golden Tulip Vasundhara,2026-03-18,0,0,0,0,0,0
cleartrip,travel,https://www.cleartrip.com,Lotus Sutra Hotel,2026-03-18,0,0,0,0,0,0
cleartrip,travel,https://www.cleartrip.com,Domestic Flights,2026-03-18,0,0,0,0,0,0
cleartrip,travel,https://www.cleartrip.com,Hotels in Shimla,2026-03-18,0,0,0,0,0,0
cleartrip,travel,https://www.cleartrip.com,India to Canada Flights,2026-03-18,0,0,0,0,0,0
cleartrip,travel,https://www.cleartrip.com,Ahmedabad To Delhi Flights,2026-03-18,0,0,0,0,0,0
cleartrip,travel,https://www.cleartrip.com,Palm Meadows Resort,2026-03-18,0,0,0,0,0,0
cleartrip,travel,https://www.cleartrip.com,St Laurn The Spiritual Resort,2026-03-18,0,0,0,0,0,0
cleartrip,travel,https://www.cleartrip.com,Hotels in Ooty,2026-03-18,0,0,0,0,0,0
cleartrip,travel,https://www.cleartrip.com,Bangalore To Bali Flights,2026-03-18,0,0,0,0,0,0
cleartrip,travel,https://www.cleartrip.com,Mumbai To Kolkata Flights,2026-03-18,0,0,0,0,0,0
cleartrip,travel,https://www.cleartrip.com,The Suryaa New Delhi,2026-03-18,0,0,0,0,0,0
cleartrip,travel,https://www.cleartrip.com,Kohinoor Samudra Beach Resort,2026-03-18,0,0,0,0,0,0
cleartrip,travel,https://www.cleartrip.com,Flydubai Airlines,2026-03-18,0,0,0,0,0,0
cleartrip,travel,https://www.cleartrip.com,ClearChoice Plus,2026-03-18,0,0,0,0,0,0
cleartrip,travel,https://www.cleartrip.com,Seven Seas Hotel,2026-03-18,0,0,0,0,0,0
cleartrip,travel,https://www.cleartrip.com,Jaypee Residency Manor,2026-03-18,0,0,0,0,0,0
cleartrip,travel,https://www.cleartrip.com,Four Points By Sheraton Jaipur,2026-03-18,0,0,0,0,0,0
cleartrip,travel,https://www.cleartrip.com,Hotel Palace Residency,2026-03-18,0,0,0,0,0,0
cleartrip,travel,https://www.cleartrip.com,Hotels in Chennai,2026-03-18,0,0,0,0,0,0
cleartrip,travel,https://www.cleartrip.com,The Ambassador Hotel Pune,2026-03-18,0,0,0,0,0,0
cleartrip,travel,https://www.cleartrip.com,Hotel Shelton Rajamahendri,2026-03-18,0,0,0,0,0,0
cleartrip,travel,https://www.cleartrip.com,FabHotel Prime Orchard Hospitality,2026-03-18,0,0,0,0,0,0
cleartrip,travel,https://www.cleartrip.com,Alliance Air,2026-03-18,0,0,0,0,0,0
cleartrip,travel,https://www.cleartrip.com,Gulf Air Airlines,2026-03-18,0,0,0,0,0,0
cleartrip,travel,https://www.cleartrip.com,Minerva Grand Kondapur,2026-03-18,0,0,0,0,0,0
cleartrip,travel,https://www.cleartrip.com,Taj City Centre New Town Kolkata,2026-03-18,0,0,0,0,0,0
cleartrip,travel,https://www.cleartrip.com,Hyderabad To Mumbai Flights,2026-03-18,0,0,0,0,0,0
cleartrip,travel,https://www.cleartrip.com,Delhi To New York Flights,2026-03-18,0,0,0,0,0,0
cleartrip,travel,https://www.cleartrip.com,Pune To Delhi Flights,2026-03-18,0,0,0,0,0,0
cleartrip,travel,https://www.cleartrip.com,Citizen Hotel,2026-03-18,0,0,0,0,0,0
cleartrip,travel,https://www.cleartrip.com,Hotel Panchavati Yatri,2026-03-18,0,0,0,0,0,0
cleartrip,travel,https://www.cleartrip.com,City Park Resort,2026-03-18,0,0,0,0,0,0
cleartrip,travel,https://www.cleartrip.com,International Airlines,2026-03-18,0,0,0,0,0,0
cleartrip,travel,https://www.cleartrip.com,Hotel Park View,2026-03-18,0,0,0,0,0,0
cleartrip,travel,https://www.cleartrip.com,Bangalore To Delhi Flights,2026-03-18,0,0,0,0,0,0
cleartrip,travel,https://www.cleartrip.com,Ramada Plaza By Wyndham Palm Grove,2026-03-18,0,0,0,0,0,0
cleartrip,travel,https://www.cleartrip.com,Clarks Amer,2026-03-18,0,0,0,0,0,0
cleartrip,travel,https://www.cleartrip.com,The Park Hyderabad,2026-03-18,0,0,0,0,0,0
cleartrip,travel,https://www.cleartrip.com,Delhi To Phuket Flights,2026-03-18,0,0,0,0,0,0
cleartrip,travel,https://www.cleartrip.com,"Bangalore

2500 Properties",2026-03-18,0,0,0,0,0,0
cleartrip,travel,https://www.cleartrip.com,Dodas Palace by ShriGo Hotels,2026-03-18,0,0,0,0,0,0
cleartrip,travel,https://www.cleartrip.com,Hotel Metrovista,2026-03-18,0,0,0,0,0,0
cleartrip,travel,https://www.cleartrip.com,Ritz Plaza,2026-03-18,0,0,0,0,0,0
cleartrip,travel,https://www.cleartrip.com,Hotel Banaras Haveli,2026-03-18,0,0,0,0,0,0
cleartrip,travel,https://www.cleartrip.com,7 Apple Hotel Aurangabad,2026-03-18,0,0,0,0,0,0
cleartrip,travel,https://www.cleartrip.com,Book Bus Tickets,2026-03-18,0,0,0,0,0,0
cleartrip,travel,https://www.cleartrip.com,Opulent Hotel By Ferns N Petals,2026-03-18,0,0,0,0,0,0
cleartrip,travel,https://www.cleartrip.com,Mumbai To Prayagraj Flights,2026-03-18,0,0,0,0,0,0
cleartrip,travel,https://www.cleartrip.com,The Park Visakhapatnam,2026-03-18,0,0,0,0,0,0
cleartrip,travel,https://www.cleartrip.com,Mayfair Lake Resort Raipur,2026-03-18,0,0,0,0,0,0
cleartrip,travel,https://www.cleartrip.com,Get OTP,2026-03-18,0,0,0,0,0,0
cleartrip,travel,https://www.cleartrip.com,· Terms of Use,2026-03-18,0,0,0,0,0,0
cleartrip,travel,https://www.cleartrip.com,Hotels in Visakhapatnam,2026-03-18,0,0,0,0,0,0
cleartrip,travel,https://www.cleartrip.com,Hotels in Ahmedabad,2026-03-18,0,0,0,0,0,0
cleartrip,travel,https://www.cleartrip.com,Hotels in Bhubaneswar,2026-03-18,0,0,0,0,0,0
cleartrip,travel,https://www.cleartrip.com,Blue Leaf by Papaya Tree Hotels,2026-03-18,0,0,0,0,0,0
cleartrip,travel,https://www.cleartrip.com,The Fern An Ecotel Hotel Lonavala,2026-03-18,0,0,0,0,0,0
cleartrip,travel,https://www.cleartrip.com,The Orchid Hotel Mumbai Vile Parle,2026-03-18,0,0,0,0,0,0
cleartrip,travel,https://www.cleartrip.com,Mumbai To Jaipur Flights,2026-03-18,0,0,0,0,0,0
cleartrip,travel,https://www.cleartrip.com,Air Arabia Airlines,2026-03-18,0,0,0,0,0,0
cleartrip,travel,https://www.cleartrip.com,Hotel Aira,2026-03-18,0,0,0,0,0,0
cleartrip,travel,https://www.cleartrip.com,IIDL Suites,2026-03-18,0,0,0,0,0,0
cleartrip,travel,https://www.cleartrip.com,Hotel Parle International,2026-03-18,0,0,0,0,0,0
cleartrip,travel,https://www.cleartrip.com,Hotel Sawera Grand,2026-03-18,0,0,0,0,0,0
cleartrip,travel,https://www.cleartrip.com,Travel Guides,2026-03-18,0,0,0,0,0,0
cleartrip,travel,https://www.cleartrip.com,Mumbai To Darbhanga Flights,2026-03-18,0,0,0,0,0,0
cleartrip,travel,https://www.cleartrip.com,Hotel Willow Banks,2026-03-18,0,0,0,0,0,0
cleartrip,travel,https://www.cleartrip.com,"Lemon Tree Premier, Mumbai International Airport",2026-03-18,0,0,0,0,0,0
cleartrip,travel,https://www.cleartrip.com,Hotels in Bengaluru,2026-03-18,0,0,0,0,0,0
cleartrip,travel,https://www.cleartrip.com,Akasa Airlines,2026-03-18,0,0,0,0,0,0
cleartrip,travel,https://www.cleartrip.com,The Park Bengaluru,2026-03-18,0,0,0,0,0,0
cleartrip,travel,https://www.cleartrip.com,Chennai To Dubai Flights,2026-03-18,0,0,0,0,0,0
cleartrip,travel,https://www.cleartrip.com,"Centaur Hotel, New Delhi (Near Igi Airport)",2026-03-18,0,0,0,0,0,0
cleartrip,travel,https://www.cleartrip.com,Purple Palms Resort & Spa,2026-03-18,0,0,0,0,0,0
cleartrip,travel,https://www.cleartrip.com,Bangalore To Varanasi Flights,2026-03-18,0,0,0,0,0,0
cleartrip,travel,https://www.cleartrip.com,Days Hotel Jaipur,2026-03-18,0,0,0,0,0,0
cleartrip,travel,https://www.cleartrip.com,Philippine Airlines,2026-03-18,0,0,0,0,0,0
cleartrip,travel,https://www.cleartrip.com,Days Hotel By Wyndham Jalandhar,2026-03-18,0,0,0,0,0,0
cleartrip,travel,https://www.cleartrip.com,Round trip,2026-03-18,0,0,0,0,0,0
cleartrip,travel,https://www.cleartrip.com,The Hotel Castillo,2026-03-18,0,0,0,0,0,0
cleartrip,travel,https://www.cleartrip.com,The Purple Leaf Hotel,2026-03-18,0,0,0,0,0,0
cleartrip,travel,https://www.cleartrip.com,Delhi To Leh Flights,2026-03-18,0,0,0,0,0,0
cleartrip,travel,https://www.cleartrip.com,Hotels in Coimbatore,2026-03-18,0,0,0,0,0,0
cleartrip,travel,https://www.cleartrip.com,Dimora Hotels And Resorts,2026-03-18,0,0,0,0,0,0
cleartrip,travel,https://www.cleartrip.com,Mumbai To New York Flights,2026-03-18,0,0,0,0,0,0
cleartrip,travel,https://www.cleartrip.com,Hotels in Indore,2026-03-18,0,0,0,0,0,0
cleartrip,travel,https://www.cleartrip.com,Delhi To Ahmedabad Flights,2026-03-18,0,0,0,0,0,0
cleartrip,travel,https://www.cleartrip.com,Mumbai To Bangalore Flights,2026-03-18,0,0,0,0,0,0
cleartrip,travel,https://www.cleartrip.com,Hotel Rameswaram Grand,2026-03-18,0,0,0,0,0,0
cleartrip,travel,https://www.cleartrip.com,Hotels in Shirdi,2026-03-18,0,0,0,0,0,0
cleartrip,travel,https://www.cleartrip.com,Hotel Leafio Mumbai,2026-03-18,0,0,0,0,0,0
cleartrip,travel,https://www.cleartrip.com,Goa To Delhi Flights,2026-03-18,0,0,0,0,0,0
cleartrip,travel,https://www.cleartrip.com,Hotels in Nainital,2026-03-18,0,0,0,0,0,0
cleartrip,travel,https://www.cleartrip.com,Hotels in Pondicherry,2026-03-18,0,0,0,0,0,0
cleartrip,travel,https://www.cleartrip.com,Indigo Delhi to Dubai Flights,2026-03-18,0,0,0,0,0,0
cleartrip,travel,https://www.cleartrip.com,Hotels in Kodaikanal,2026-03-18,0,0,0,0,0,0
cleartrip,travel,https://www.cleartrip.com,Kolkata To Shillong Flights,2026-03-18,0,0,0,0,0,0
cleartrip,travel,https://www.cleartrip.com,Kolkata To Mumbai Flights,2026-03-18,0,0,0,0,0,0
cleartrip,travel,https://www.cleartrip.com,Bangalore To Goa Flights,2026-03-18,0,0,0,0,0,0
cleartrip,travel,https://www.cleartrip.com,Special Offers,2026-03-18,0,0,0,0,0,0
cleartrip,travel,https://www.cleartrip.com,Radisson Blu Resort Spa Karjat,2026-03-18,0,0,0,0,0,0
cleartrip,travel,https://www.cleartrip.com,Hotel Doda's Palace,2026-03-18,0,0,0,0,0,0
cleartrip,travel,https://www.cleartrip.com,Ahmedabad To Dubai Flights,2026-03-18,0,0,0,0,0,0
cleartrip,travel,https://www.cleartrip.com,Ramada Encore,2026-03-18,0,0,0,0,0,0
cleartrip,travel,https://www.cleartrip.com,Pune To Goa Flights,2026-03-18,0,0,0,0,0,0
cleartrip,travel,https://www.cleartrip.com,Bangalore To Mumbai Flights,2026-03-18,0,0,0,0,0,0
cleartrip,travel,https://www.cleartrip.com,American Airlines,2026-03-18,0,0,0,0,0,0
cleartrip,travel,https://www.cleartrip.com,Hotel Channi Raja Mall Road,2026-03-18,0,0,0,0,0,0
cleartrip,travel,https://www.cleartrip.com,Turkish Airlines,2026-03-18,0,0,0,0,0,0
cleartrip,travel,https://www.cleartrip.com,The Regnant,2026-03-18,0,0,0,0,0,0
cleartrip,travel,https://www.cleartrip.com,Cancel for No Reason,2026-03-18,0,0,0,0,0,0
cleartrip,travel,https://www.cleartrip.com,Delhi To Pune Flights,2026-03-18,0,0,0,0,0,0
cleartrip,travel,https://www.cleartrip.com,Etihad Airways Mumbai to Abu Dhabi Flights,2026-03-18,0,0,0,0,0,0
cleartrip,travel,https://www.cleartrip.com,Akasa Air Mumbai Bangalore Flights,2026-03-18,0,0,0,0,0,0
cleartrip,travel,https://www.cleartrip.com,Zone By The Park ORR,2026-03-18,0,0,0,0,0,0
cleartrip,travel,https://www.cleartrip.com,Vietjet Air Airlines,2026-03-18,0,0,0,0,0,0
cleartrip,travel,https://www.cleartrip.com,Goa To Mumbai Flights,2026-03-18,0,0,0,0,0,0
cleartrip,travel,https://www.cleartrip.com,Etihad Airways Delhi to Abu Dhabi Flights,2026-03-18,0,0,0,0,0,0
cleartrip,travel,https://www.cleartrip.com,Book Hotels,2026-03-18,0,0,0,0,0,0
cleartrip,travel,https://www.cleartrip.com,Mumbai To Bali Flights,2026-03-18,0,0,0,0,0,0
cleartrip,travel,https://www.cleartrip.com,Delhi To Hyderabad Flights,2026-03-18,0,0,0,0,0,0
cleartrip,travel,https://www.cleartrip.com,Hotel Temple Tree Shirdi Newly Renovated,2026-03-18,0,0,0,0,0,0
cleartrip,travel,https://www.cleartrip.com,Leisure Inn Grand Chanakya,2026-03-18,0,0,0,0,0,0
cleartrip,travel,https://www.cleartrip.com,ibis New Delhi Aerocity Hotel,2026-03-18,0,0,0,0,0,0
cleartrip,travel,https://www.cleartrip.com,Spicejet Delhi to Mumbai Flights,2026-03-18,0,0,0,0,0,0
cleartrip,travel,https://www.cleartrip.com,Ramee Guestline Dadar,2026-03-18,0,0,0,0,0,0
cleartrip,travel,https://www.cleartrip.com,Air India Express Trichy to Dubai Flights,2026-03-18,0,0,0,0,0,0
cleartrip,travel,https://www.cleartrip.com,Hotels in Navi Mumbai,2026-03-18,0,0,0,0,0,0
cleartrip,travel,https://www.cleartrip.com,Delhi To Mumbai Flights,2026-03-18,0,0,0,0,0,0
cleartrip,travel,https://www.cleartrip.com,The Forest Club Resort,2026-03-18,0,0,0,0,0,0
cleartrip,travel,https://www.cleartrip.com,Hotels in Gurgaon,2026-03-18,0,0,0,0,0,0
cleartrip,travel,https://www.cleartrip.com,Chennai To Delhi Flights,2026-03-18,0,0,0,0,0,0
cleartrip,travel,https://www.cleartrip.com,Radisson Blu Jaipur,2026-03-18,0,0,0,0,0,0
cleartrip,travel,https://www.cleartrip.com,The Chancery Pavillion,2026-03-18,0,0,0,0,0,0
cleartrip,travel,https://www.cleartrip.com,Spirit Airlines,2026-03-18,0,0,0,0,0,0
cleartrip,travel,https://www.cleartrip.com,Air India Delhi to Mumbai Flights,2026-03-18,0,0,0,0,0,0
cleartrip,travel,https://www.cleartrip.com,Shakun Hotels And Resorts,2026-03-18,0,0,0,0,0,0
cleartrip,travel,https://www.cleartrip.com,Delhi To Srinagar Flights,2026-03-18,0,0,0,0,0,0
cleartrip,travel,https://www.cleartrip.com,Meritas Crystal Resort,2026-03-18,0,0,0,0,0,0
cleartrip,travel,https://www.cleartrip.com,Air India Express Mangalore to Dubai Flights,2026-03-18,0,0,0,0,0,0
cleartrip,travel,https://www.cleartrip.com,"Country Inn & Suites By Radisson, Sahibabad",2026-03-18,0,0,0,0,0,0
cleartrip,travel,https://www.cleartrip.com,Hotels in Mysore,2026-03-18,0,0,0,0,0,0
cleartrip,travel,https://www.cleartrip.com,Holiday Packages,2026-03-18,0,0,0,0,0,0
cleartrip,travel,https://www.cleartrip.com,Hide Away Suites,2026-03-18,0,0,0,0,0,0
cleartrip,travel,https://www.cleartrip.com,Bangalore To Hyderabad Flights,2026-03-18,0,0,0,0,0,0
cleartrip,travel,https://www.cleartrip.com,Hotels in Nashik,2026-03-18,0,0,0,0,0,0
cleartrip,travel,https://www.cleartrip.com,Chennai To Salem Flights,2026-03-18,0,0,0,0,0,0
cleartrip,travel,https://www.cleartrip.com,Air India Delhi to Bangalore Flights,2026-03-18,0,0,0,0,0,0
cleartrip,travel,https://www.cleartrip.com,Hotels in Varanasi,2026-03-18,0,0,0,0,0,0
cleartrip,travel,https://www.cleartrip.com,Bangkok To Phuket Flights,2026-03-18,0,0,0,0,0,0
cleartrip,travel,https://www.cleartrip.com,Indigo Delhi to Mumbai Flights,2026-03-18,0,0,0,0,0,0
cleartrip,travel,https://www.cleartrip.com,Lords Plaza Surat,2026-03-18,0,0,0,0,0,0
cleartrip,travel,https://www.cleartrip.com,Air India Mumbai to Bangalore Flights,2026-03-18,0,0,0,0,0,0
cleartrip,travel,https://www.cleartrip.com,Hyderabad To Dubai Flights,2026-03-18,0,0,0,0,0,0
cleartrip,travel,https://www.cleartrip.com,Upar Hotels - Nungambakkam,2026-03-18,0,0,0,0,0,0
cleartrip,travel,https://www.cleartrip.com,Emirates Airlines,2026-03-18,0,0,0,0,0,0
cleartrip,travel,https://www.cleartrip.com,The Garden Asia Resort,2026-03-18,0,0,0,0,0,0
cleartrip,travel,https://www.cleartrip.com,Mumbai To Varanasi Flights,2026-03-18,0,0,0,0,0,0
cleartrip,travel,https://www.cleartrip.com,Bangalore To Agra Flights,2026-03-18,0,0,0,0,0,0
cleartrip,travel,https://www.cleartrip.com,Hotel Southern,2026-03-18,0,0,0,0,0,0
cleartrip,travel,https://www.cleartrip.com,Chennai To Mumbai Flights,2026-03-18,0,0,0,0,0,0
cleartrip,travel,https://www.cleartrip.com,Buses,2026-03-18,0,0,0,0,0,0
cleartrip,travel,https://www.cleartrip.com,Mumbai To London Flights,2026-03-18,0,0,0,0,0,0
cleartrip,travel,https://www.cleartrip.com,Hotels in Amritsar,2026-03-18,0,0,0,0,0,0
cleartrip,travel,https://www.cleartrip.com,Hotel Paras Mahal,2026-03-18,0,0,0,0,0,0
cleartrip,travel,https://www.cleartrip.com,Flights Offers,2026-03-18,0,0,0,0,0,0
cleartrip,travel,https://www.cleartrip.com,Hotel Varanasi Inn,2026-03-18,0,0,0,0,0,0
cleartrip,travel,https://www.cleartrip.com,The Park Classic,2026-03-18,0,0,0,0,0,0
cleartrip,travel,https://www.cleartrip.com,Royal Orchid Central Pune,2026-03-18,0,0,0,0,0,0
cleartrip,travel,https://www.cleartrip.com,Zone By The Park Kolkata,2026-03-18,0,0,0,0,0,0
cleartrip,travel,https://www.cleartrip.com,Air India Mumbai to Goa Flights,2026-03-18,0,0,0,0,0,0
cleartrip,travel,https://www.cleartrip.com,Patna To Delhi Flights,2026-03-18,0,0,0,0,0,0
cleartrip,travel,https://www.cleartrip.com,Delhi To Baku Flights,2026-03-18,0,0,0,0,0,0
cleartrip,travel,https://www.cleartrip.com,"Delhi

2436 Properties",2026-03-18,0,0,0,0,0,0
cleartrip,travel,https://www.cleartrip.com,Renest Jaipur,2026-03-18,0,0,0,0,0,0
cleartrip,travel,https://www.cleartrip.com,Bangalore To Kolkata Flights,2026-03-18,0,0,0,0,0,0
cleartrip,travel,https://www.cleartrip.com,Hotel Varuna,2026-03-18,0,0,0,0,0,0
cleartrip,travel,https://www.cleartrip.com,Mumbai To Chennai Flights,2026-03-18,0,0,0,0,0,0
cleartrip,travel,https://www.cleartrip.com,Air India,2026-03-18,0,0,0,0,0,0
cleartrip,travel,https://www.cleartrip.com,The Park Chennai,2026-03-18,0,0,0,0,0,0
cleartrip,travel,https://www.cleartrip.com,Star Airlines,2026-03-18,0,0,0,0,0,0
cleartrip,travel,https://www.cleartrip.com,Delhi To Bangalore Flights,2026-03-18,0,0,0,0,0,0
cleartrip,travel,https://www.cleartrip.com,Delhi To Bali Flights,2026-03-18,0,0,0,0,0,0
cleartrip,travel,https://www.cleartrip.com,Bangalore To Pune Flights,2026-03-18,0,0,0,0,0,0
cleartrip,travel,https://www.cleartrip.com,Mumbai To Lucknow Flights,2026-03-18,0,0,0,0,0,0
cleartrip,travel,https://www.cleartrip.com,Bangalore To Bangkok Flights,2026-03-18,0,0,0,0,0,0
cleartrip,travel,https://www.cleartrip.com,Hotel Hindusthan International,2026-03-18,0,0,0,0,0,0
cleartrip,travel,https://www.cleartrip.com,Hotels in Jaipur,2026-03-18,0,0,0,0,0,0
cleartrip,travel,https://www.cleartrip.com,Hotels in Delhi,2026-03-18,0,0,0,0,0,0
cleartrip,travel,https://www.cleartrip.com,Hotel Scarlet,2026-03-18,0,0,0,0,0,0
cleartrip,travel,https://www.cleartrip.com,Hotel Minerva Grand Tirupati,2026-03-18,0,0,0,0,0,0
cleartrip,travel,https://www.cleartrip.com,"Pattaya

1850 Properties",2026-03-18,0,0,0,0,0,0
cleartrip,travel,https://www.cleartrip.com,Bangalore To Dubai Flights,2026-03-18,0,0,0,0,0,0
cleartrip,travel,https://www.cleartrip.com,Salem To Bangalore Flights,2026-03-18,0,0,0,0,0,0
cleartrip,travel,https://www.cleartrip.com,Hotels In Mumbai,2026-03-18,0,0,0,0,0,0
cleartrip,travel,https://www.cleartrip.com,India to Australia Flights,2026-03-18,0,0,0,0,0,0
cleartrip,travel,https://www.cleartrip.com,Ideal Beach Resort,2026-03-18,0,0,0,0,0,0
cleartrip,travel,https://www.cleartrip.com,Salem To Chennai Flights,2026-03-18,0,0,0,0,0,0
cleartrip,travel,https://www.cleartrip.com,Kolkata To Bangalore Flights,2026-03-18,0,0,0,0,0,0
cleartrip,travel,https://www.cleartrip.com,Sterling Yercaud,2026-03-18,0,0,0,0,0,0
cleartrip,travel,https://www.cleartrip.com,Air India Delhi to Dubai Flights,2026-03-18,0,0,0,0,0,0
cleartrip,travel,https://www.cleartrip.com,Ramada by Wyndham Chennai Egmore,2026-03-18,0,0,0,0,0,0
cleartrip,travel,https://www.cleartrip.com,Delhi To Toronto Flights,2026-03-18,0,0,0,0,0,0
cleartrip,travel,https://www.cleartrip.com,"Welcomhotel by ITC Hotels, Dwarka",2026-03-18,0,0,0,0,0,0
cleartrip,travel,https://www.cleartrip.com,Delhi To London Flights,2026-03-18,0,0,0,0,0,0
cleartrip,travel,https://www.cleartrip.com,Pune To Bangalore Flights,2026-03-18,0,0,0,0,0,0
cleartrip,travel,https://www.cleartrip.com,Mumbai To Delhi Flights,2026-03-18,0,0,0,0,0,0
cleartrip,travel,https://www.cleartrip.com,Oman Air Airlines,2026-03-18,0,0,0,0,0,0
cleartrip,travel,https://www.cleartrip.com,Prayagraj To Mumbai Flights,2026-03-18,0,0,0,0,0,0
cleartrip,travel,https://www.cleartrip.com,Kolhapur To Mumbai Flights,2026-03-18,0,0,0,0,0,0
cleartrip,travel,https://www.cleartrip.com,Chennai To Singapore Flights,2026-03-18,0,0,0,0,0,0
cleartrip,travel,https://www.cleartrip.com,S K Premium Park,2026-03-18,0,0,0,0,0,0
cleartrip,travel,https://www.cleartrip.com,Hotels in Munnar,2026-03-18,0,0,0,0,0,0
cleartrip,travel,https://www.cleartrip.com,Akasa Air Delhi to Mumbai Flights,2026-03-18,0,0,0,0,0,0
cleartrip,travel,https://www.cleartrip.com,Spicejet Dubai to Madurai Flights,2026-03-18,0,0,0,0,0,0
cleartrip,travel,https://www.cleartrip.com,Spicejet Pune to Dubai Flights,2026-03-18,0,0,0,0,0,0
cleartrip,travel,https://www.cleartrip.com,Park Regis Goa,2026-03-18,0,0,0,0,0,0
cleartrip,travel,https://www.cleartrip.com,OYO Townhouse 209 Habitat New Town,2026-03-18,0,0,0,0,0,0
cleartrip,travel,https://www.cleartrip.com,Connaught Royale Delhi,2026-03-18,0,0,0,0,0,0
cleartrip,travel,https://www.cleartrip.com,Grand Plaza,2026-03-18,0,0,0,0,0,0
cleartrip,travel,https://www.cleartrip.com,Delhi To Kolkata Flights,2026-03-18,0,0,0,0,0,0
cleartrip,travel,https://www.cleartrip.com,Darbhanga To Mumbai Flights,2026-03-18,0,0,0,0,0,0
cleartrip,travel,https://www.cleartrip.com,Etihad Airways Chennai to Abu Dhabi Flights,2026-03-18,0,0,0,0,0,0
cleartrip,travel,https://www.cleartrip.com,The Golden Palms Hotel & Spa,2026-03-18,0,0,0,0,0,0
cleartrip,travel,https://www.cleartrip.com,Binori A Boutique Hotel,2026-03-18,0,0,0,0,0,0
cleartrip,travel,https://www.cleartrip.com,Park Ascent,2026-03-18,0,0,0,0,0,0
cleartrip,travel,https://www.cleartrip.com,Hotel Mumbai House,2026-03-18,0,0,0,0,0,0
cleartrip,travel,https://www.cleartrip.com,Pune To Dubai Flights,2026-03-18,0,0,0,0,0,0
cleartrip,travel,https://www.cleartrip.com,Jaypee Siddharth,2026-03-18,0,0,0,0,0,0
cleartrip,travel,https://www.cleartrip.com,Gift Cards,2026-03-18,0,0,0,0,0,0
cleartrip,travel,https://www.cleartrip.com,Grand Estancia,2026-03-18,0,0,0,0,0,0
cleartrip,travel,https://www.cleartrip.com,Fairfield by Marriott Ahmedabad,2026-03-18,0,0,0,0,0,0
cleartrip,travel,https://www.cleartrip.com,UK27 The Fern An Ecotel Hotel Belagavi,2026-03-18,0,0,0,0,0,0
cleartrip,travel,https://www.cleartrip.com,Ramada By Wyndham Jaipur,2026-03-18,0,0,0,0,0,0
cleartrip,travel,https://www.cleartrip.com,Kolkata To Bangkok Flights,2026-03-18,0,0,0,0,0,0
cleartrip,travel,https://www.cleartrip.com,Nirbana Palace A Heritage Hotel,2026-03-18,0,0,0,0,0,0
cleartrip,travel,https://www.cleartrip.com,Alba Premier,2026-03-18,0,0,0,0,0,0
cleartrip,travel,https://www.cleartrip.com,Hotel Clarks Avadh,2026-03-18,0,0,0,0,0,0
cleartrip,travel,https://www.cleartrip.com,Hotels in Pune,2026-03-18,0,0,0,0,0,0
cleartrip,travel,https://www.cleartrip.com,Jyothis Residency Kollur,2026-03-18,0,0,0,0,0,0
cleartrip,travel,https://www.cleartrip.com,Hotel Alleviate,2026-03-18,0,0,0,0,0,0
cleartrip,travel,https://www.cleartrip.com,Tribecca Select,2026-03-18,0,0,0,0,0,0
cleartrip,travel,https://www.cleartrip.com,Mumbai To Bangkok Flights,2026-03-18,0,0,0,0,0,0
cleartrip,travel,https://www.cleartrip.com,Ahmedabad To Goa Flights,2026-03-18,0,0,0,0,0,0
cleartrip,travel,https://www.cleartrip.com,India to New Zealand Flights,2026-03-18,0,0,0,0,0,0
cleartrip,travel,https://www.cleartrip.com,Hotel G Square Shirdi,2026-03-18,0,0,0,0,0,0
cleartrip,travel,https://www.cleartrip.com,"Jaipur

920 Properties",2026-03-18,0,0,0,0,0,0
cleartrip,travel,https://www.cleartrip.com,Hotels in Wayanad,2026-03-18,0,0,0,0,0,0
cleartrip,travel,https://www.cleartrip.com,Regenta Resort Belagavi,2026-03-18,0,0,0,0,0,0
cleartrip,travel,https://www.cleartrip.com,Southwest Inn,2026-03-18,0,0,0,0,0,0
cleartrip,travel,https://www.cleartrip.com,Mumbai To Singapore Flights,2026-03-18,0,0,0,0,0,0
cleartrip,travel,https://www.cleartrip.com,Ramee Grand Hotel and Spa,2026-03-18,0,0,0,0,0,0
cleartrip,travel,https://www.cleartrip.com,Delhi to Bhutan Flights,2026-03-18,0,0,0,0,0,0
amazon,retail,https://www.amazon.in/s?k=laptop,DDR4 SDRAM,2026-03-18,0,0,0,0,0,0
amazon,retail,https://www.amazon.in/s?k=laptop,"HP 15, AMD Ryzen 7 7735HS (16GB DDR5,512GB SSD) FHD, Anti-Glare, Micro-Edge, 15.6''/39.6cm, Win11, M365 Basic(1yr)* Office24, Silver, 1.59kg, fc1038AU, AMD Radeon FHD Camera w/Shutter, Backlit Laptop",2026-03-18,0,0,0,0,0,0
amazon,retail,https://www.amazon.in/s?k=laptop,(3 new offers),2026-03-18,0,0,0,0,0,0
amazon,retail,https://www.amazon.in/s?k=laptop,Other Than Listed,2026-03-18,0,0,0,0,0,0
amazon,retail,https://www.amazon.in/s?k=laptop,Fashion,2026-03-18,0,0,0,0,0,0
amazon,retail,https://www.amazon.in/s?k=laptop,Ethernet,2026-03-18,0,0,0,0,0,0
amazon,retail,https://www.amazon.in/s?k=laptop,(119),2026-03-18,0,0,0,0,0,0
amazon,retail,https://www.amazon.in/s?k=laptop,₹470,2026-03-18,0,0,0,0,0,0
amazon,retail,https://www.amazon.in/s?k=laptop,"Search
alt
+
/",2026-03-18,0,0,0,0,0,0
amazon,retail,https://www.amazon.in/s?k=laptop,Speakers,2026-03-18,0,0,0,0,0,0
amazon,retail,https://www.amazon.in/s?k=laptop,32 GB,2026-03-18,0,0,0,0,0,0
amazon,retail,https://www.amazon.in/s?k=laptop,"₹49,990
₹49,990 
M.R.P: ₹70,990
M.R.P: 
₹70,990
₹70,990",2026-03-18,0,0,0,0,0,0
amazon,retail,https://www.amazon.in/s?k=laptop,Premium,2026-03-18,0,0,0,0,0,0
amazon,retail,https://www.amazon.in/s?k=laptop,2880 x 1800,2026-03-18,0,0,0,0,0,0
amazon,retail,https://www.amazon.in/s?k=laptop,1.0 to 1.4 kg,2026-03-18,0,0,0,0,0,0
amazon,retail,https://www.amazon.in/s?k=laptop,Audible,2026-03-18,0,0,0,0,0,0
amazon,retail,https://www.amazon.in/s?k=laptop,Manage Your Content and Devices,2026-03-18,0,0,0,0,0,0
amazon,retail,https://www.amazon.in/s?k=laptop,Memory Card Slot,2026-03-18,0,0,0,0,0,0
amazon,retail,https://www.amazon.in/s?k=laptop,Chrome,2026-03-18,0,0,0,0,0,0
amazon,retail,https://www.amazon.in/s?k=laptop,"HP 15, 13th Gen Intel Core i3-1315U, (8GB DDR4,512GB SSD) Anti-Glare, Micro-Edge, FHD,15.6''/39.6cm, Win11,M365 Basic(1yr),Office24, Silver,1.59kg, fd0572TU, FHD Camera w/Shutter, Backlit Laptop",2026-03-18,0,0,0,0,0,0
amazon,retail,https://www.amazon.in/s?k=laptop,Customer Service,2026-03-18,0,0,0,0,0,0
amazon,retail,https://www.amazon.in/s?k=laptop,DOS,2026-03-18,0,0,0,0,0,0
amazon,retail,https://www.amazon.in/s?k=laptop,SODIMM,2026-03-18,0,0,0,0,0,0
amazon,retail,https://www.amazon.in/s?k=laptop,(7 new offers),2026-03-18,0,0,0,0,0,0
amazon,retail,https://www.amazon.in/s?k=laptop,OLED,2026-03-18,0,0,0,0,0,0
amazon,retail,https://www.amazon.in/s?k=laptop,Lightning,2026-03-18,0,0,0,0,0,0
amazon,retail,https://www.amazon.in/s?k=laptop,Amazon Pay on Merchants,2026-03-18,0,0,0,0,0,0
amazon,retail,https://www.amazon.in/s?k=laptop,Google,2026-03-18,0,0,0,0,0,0
amazon,retail,https://www.amazon.in/s?k=laptop,SDXC,2026-03-18,0,0,0,0,0,0
amazon,retail,https://www.amazon.in/s?k=laptop,MX Player,2026-03-18,0,0,0,0,0,0
amazon,retail,https://www.amazon.in/s?k=laptop,1 to 1.59 GHz,2026-03-18,0,0,0,0,0,0
amazon,retail,https://www.amazon.in/s?k=laptop,Your Prime Membership,2026-03-18,0,0,0,0,0,0
amazon,retail,https://www.amazon.in/s?k=laptop,Kindle eBooks,2026-03-18,0,0,0,0,0,0
amazon,retail,https://www.amazon.in/s?k=laptop,1366 x 768,2026-03-18,0,0,0,0,0,0
amazon,retail,https://www.amazon.in/s?k=laptop,Refurbished,2026-03-18,0,0,0,0,0,0
amazon,retail,https://www.amazon.in/s?k=laptop,120,2026-03-18,0,0,0,0,0,0
amazon,retail,https://www.amazon.in/s?k=laptop,"4 Stars
 & Up",2026-03-18,0,0,0,0,0,0
amazon,retail,https://www.amazon.in/s?k=laptop,USB 3.2 Gen 1,2026-03-18,0,0,0,0,0,0
amazon,retail,https://www.amazon.in/s?k=laptop,(29),2026-03-18,0,0,0,0,0,0
amazon,retail,https://www.amazon.in/s?k=laptop,Fingerprint Recognition,2026-03-18,0,0,0,0,0,0
amazon,retail,https://www.amazon.in/s?k=laptop,View or edit your browsing history,2026-03-18,0,0,0,0,0,0
amazon,retail,https://www.amazon.in/s?k=laptop,Select the department you want to search in,2026-03-18,0,0,0,0,0,0
amazon,retail,https://www.amazon.in/s?k=laptop,USB 2.0 Type A,2026-03-18,0,0,0,0,0,0
amazon,retail,https://www.amazon.in/s?k=laptop,Apple,2026-03-18,0,0,0,0,0,0
amazon,retail,https://www.amazon.in/s?k=laptop,50% Off or more,2026-03-18,0,0,0,0,0,0
amazon,retail,https://www.amazon.in/s?k=laptop,Up to 1 GB,2026-03-18,0,0,0,0,0,0
amazon,retail,https://www.amazon.in/s?k=laptop,Twitter,2026-03-18,0,0,0,0,0,0
amazon,retail,https://www.amazon.in/s?k=laptop,Media Card,2026-03-18,0,0,0,0,0,0
amazon,retail,https://www.amazon.in/s?k=laptop,Top Brands,2026-03-18,0,0,0,0,0,0
amazon,retail,https://www.amazon.in/s?k=laptop,Electronics,2026-03-18,0,0,0,0,0,0
amazon,retail,https://www.amazon.in/s?k=laptop,(175),2026-03-18,0,0,0,0,0,0
amazon,retail,https://www.amazon.in/s?k=laptop,8 GB,2026-03-18,0,0,0,0,0,0
amazon,retail,https://www.amazon.in/s?k=laptop,LED,2026-03-18,0,0,0,0,0,0
amazon,retail,https://www.amazon.in/s?k=laptop,eSATA,2026-03-18,0,0,0,0,0,0
amazon,retail,https://www.amazon.in/s?k=laptop,60% Off or more,2026-03-18,0,0,0,0,0,0
amazon,retail,https://www.amazon.in/s?k=laptop,"₹1,09,990
₹1,09,990 
M.R.P: ₹1,25,599
M.R.P: 
₹1,25,599
₹1,25,599",2026-03-18,0,0,0,0,0,0
amazon,retail,https://www.amazon.in/s?k=laptop,5.0 out of 5 stars,2026-03-18,0,0,0,0,0,0
amazon,retail,https://www.amazon.in/s?k=laptop,Touch Pad,2026-03-18,0,0,0,0,0,0
amazon,retail,https://www.amazon.in/s?k=laptop,Up to 0.9 kg,2026-03-18,0,0,0,0,0,0
amazon,retail,https://www.amazon.in/s?k=laptop,(1),2026-03-18,0,0,0,0,0,0
amazon,retail,https://www.amazon.in/s?k=laptop,"₹98,000 - ₹135,000",2026-03-18,0,0,0,0,0,0
amazon,retail,https://www.amazon.in/s?k=laptop,New,2026-03-18,0,0,0,0,0,0
amazon,retail,https://www.amazon.in/s?k=laptop,Face Recognition,2026-03-18,0,0,0,0,0,0
amazon,retail,https://www.amazon.in/s?k=laptop,Fulfilment by Amazon,2026-03-18,0,0,0,0,0,0
amazon,retail,https://www.amazon.in/s?k=laptop,"₹41,500 - ₹69,000",2026-03-18,0,0,0,0,0,0
amazon,retail,https://www.amazon.in/s?k=laptop,Mini-DisplayPort,2026-03-18,0,0,0,0,0,0
amazon,retail,https://www.amazon.in/s?k=laptop,"Health, Household & Personal Care",2026-03-18,0,0,0,0,0,0
amazon,retail,https://www.amazon.in/s?k=laptop,Fingerprint Reader,2026-03-18,0,0,0,0,0,0
amazon,retail,https://www.amazon.in/s?k=laptop,"₹60,990
₹60,990 
M.R.P: ₹72,718
M.R.P: 
₹72,718
₹72,718",2026-03-18,0,0,0,0,0,0
amazon,retail,https://www.amazon.in/s?k=laptop,Solid State Drive,2026-03-18,0,0,0,0,0,0
amazon,retail,https://www.amazon.in/s?k=laptop,Serial ATA,2026-03-18,0,0,0,0,0,0
amazon,retail,https://www.amazon.in/s?k=laptop,Memberships & Subscriptions,2026-03-18,0,0,0,0,0,0
amazon,retail,https://www.amazon.in/s?k=laptop,3.00 to 3.49 GHz,2026-03-18,0,0,0,0,0,0
amazon,retail,https://www.amazon.in/s?k=laptop,"Returns
& Orders",2026-03-18,0,0,0,0,0,0
amazon,retail,https://www.amazon.in/s?k=laptop,Home & Kitchen,2026-03-18,0,0,0,0,0,0
amazon,retail,https://www.amazon.in/s?k=laptop,Mac OS,2026-03-18,0,0,0,0,0,0
amazon,retail,https://www.amazon.in/s?k=laptop,Lightweight,2026-03-18,0,0,0,0,0,0
amazon,retail,https://www.amazon.in/s?k=laptop,"₹52,762
₹52,762 
M.R.P: ₹72,999
M.R.P: 
₹72,999
₹72,999",2026-03-18,0,0,0,0,0,0
amazon,retail,https://www.amazon.in/s?k=laptop,Filters,2026-03-18,0,0,0,0,0,0
amazon,retail,https://www.amazon.in/s?k=laptop,2560 x 1440,2026-03-18,0,0,0,0,0,0
amazon,retail,https://www.amazon.in/s?k=laptop,laptop hp,2026-03-18,0,0,0,0,0,0
amazon,retail,https://www.amazon.in/s?k=laptop,3.7 out of 5 stars,2026-03-18,0,0,0,0,0,0
amazon,retail,https://www.amazon.in/s?k=laptop,Thunderbolt,2026-03-18,0,0,0,0,0,0
amazon,retail,https://www.amazon.in/s?k=laptop,Start here.,2026-03-18,0,0,0,0,0,0
amazon,retail,https://www.amazon.in/s?k=laptop,1920 x 1200,2026-03-18,0,0,0,0,0,0
amazon,retail,https://www.amazon.in/s?k=laptop,Windows 11 Pro,2026-03-18,0,0,0,0,0,0
amazon,retail,https://www.amazon.in/s?k=laptop,Custom Products,2026-03-18,0,0,0,0,0,0
amazon,retail,https://www.amazon.in/s?k=laptop,Go back to filtering menu,2026-03-18,0,0,0,0,0,0
amazon,retail,https://www.amazon.in/s?k=laptop,Facebook,2026-03-18,0,0,0,0,0,0
amazon,retail,https://www.amazon.in/s?k=laptop,14 to 14.9 in,2026-03-18,0,0,0,0,0,0
amazon,retail,https://www.amazon.in/s?k=laptop,Notebook,2026-03-18,0,0,0,0,0,0
amazon,retail,https://www.amazon.in/s?k=laptop,"Save up to 28% with GST invoice and get bulk discounts
Learn more",2026-03-18,0,0,0,0,0,0
amazon,retail,https://www.amazon.in/s?k=laptop,70% Off or more,2026-03-18,0,0,0,0,0,0
amazon,retail,https://www.amazon.in/s?k=laptop,Asus,2026-03-18,0,0,0,0,0,0
amazon,retail,https://www.amazon.in/s?k=laptop,Grocery & Gourmet Foods,2026-03-18,0,0,0,0,0,0
amazon,retail,https://www.amazon.in/s?k=laptop,"acer Professional 14, AMD Ryzen 3-7330U, 8GB RAM, 512GB SSD, 14"" Full HD,UHD Graphics, Premium Metal Body, Windows 11 Pro, MSO 21, 1.34KG, Travel Lite, TL14-42M, Light Laptop 8GB RAM",2026-03-18,0,0,0,0,0,0
amazon,retail,https://www.amazon.in/s?k=laptop,"₹36,990
₹36,990 
M.R.P: ₹59,990
M.R.P: 
₹59,990
₹59,990",2026-03-18,0,0,0,0,0,0
amazon,retail,https://www.amazon.in/s?k=laptop,LPDDR4X,2026-03-18,0,0,0,0,0,0
amazon,retail,https://www.amazon.in/s?k=laptop,"₹42,990
₹42,990 
M.R.P: ₹52,114.17
M.R.P: 
₹52,114.17
₹52,114.17",2026-03-18,0,0,0,0,0,0
amazon,retail,https://www.amazon.in/s?k=laptop,Help,2026-03-18,0,0,0,0,0,0
amazon,retail,https://www.amazon.in/s?k=laptop,Today's Deals,2026-03-18,0,0,0,0,0,0
amazon,retail,https://www.amazon.in/s?k=laptop,4.0 GHz & Above,2026-03-18,0,0,0,0,0,0
amazon,retail,https://www.amazon.in/s?k=laptop,Intel I5,2026-03-18,0,0,0,0,0,0
amazon,retail,https://www.amazon.in/s?k=laptop,10% Off or more,2026-03-18,0,0,0,0,0,0
amazon,retail,https://www.amazon.in/s?k=laptop,Last 30 days,2026-03-18,0,0,0,0,0,0
amazon,retail,https://www.amazon.in/s?k=laptop,Bluetooth,2026-03-18,0,0,0,0,0,0
amazon,retail,https://www.amazon.in/s?k=laptop,3.50 to 3.99 GHz,2026-03-18,0,0,0,0,0,0
amazon,retail,https://www.amazon.in/s?k=laptop,Touchscreen with Stylus Support,2026-03-18,0,0,0,0,0,0
amazon,retail,https://www.amazon.in/s?k=laptop,802.11 ac/b/g/n,2026-03-18,0,0,0,0,0,0
amazon,retail,https://www.amazon.in/s?k=laptop,Student,2026-03-18,0,0,0,0,0,0
amazon,retail,https://www.amazon.in/s?k=laptop,All Discounts,2026-03-18,0,0,0,0,0,0
amazon,retail,https://www.amazon.in/s?k=laptop,Stand,2026-03-18,0,0,0,0,0,0
amazon,retail,https://www.amazon.in/s?k=laptop,Home Improvement,2026-03-18,0,0,0,0,0,0
amazon,retail,https://www.amazon.in/s?k=laptop,Next,2026-03-18,0,0,0,0,0,0
amazon,retail,https://www.amazon.in/s?k=laptop,1080p,2026-03-18,0,0,0,0,0,0
amazon,retail,https://www.amazon.in/s?k=laptop,(11),2026-03-18,0,0,0,0,0,0
amazon,retail,https://www.amazon.in/s?k=laptop,Intel,2026-03-18,0,0,0,0,0,0
amazon,retail,https://www.amazon.in/s?k=laptop,"HP Victus, AMD Ryzen 7 7445HS, 4GB RTX 2050, 16GB DDR5(Upgradable) 512GB SSD, FHD, 144Hz, 300 nits, IPS, 15.6''/39.6cm, Win11, M365* Office24, Mica Silver, 2.29kg, fb3123AX, Backlit, Gaming Laptop",2026-03-18,0,0,0,0,0,0
amazon,retail,https://www.amazon.in/s?k=laptop,HDMI,2026-03-18,0,0,0,0,0,0
amazon,retail,https://www.amazon.in/s?k=laptop,15 to 15.9 in,2026-03-18,0,0,0,0,0,0
amazon,retail,https://www.amazon.in/s?k=laptop,Secure Digital Card,2026-03-18,0,0,0,0,0,0
amazon,retail,https://www.amazon.in/s?k=laptop,Wi-Fi 6E,2026-03-18,0,0,0,0,0,0
amazon,retail,https://www.amazon.in/s?k=laptop,(92),2026-03-18,0,0,0,0,0,0
amazon,retail,https://www.amazon.in/s?k=laptop,Computers,2026-03-18,0,0,0,0,0,0
amazon,retail,https://www.amazon.in/s?k=laptop,1900 x 1200,2026-03-18,0,0,0,0,0,0
amazon,retail,https://www.amazon.in/s?k=laptop,40 cm & above,2026-03-18,0,0,0,0,0,0
amazon,retail,https://www.amazon.in/s?k=laptop,Under 30000,2026-03-18,0,0,0,0,0,0
amazon,retail,https://www.amazon.in/s?k=laptop,2.00 to 2.49 GHz,2026-03-18,0,0,0,0,0,0
amazon,retail,https://www.amazon.in/s?k=laptop,PCI Express x4,2026-03-18,0,0,0,0,0,0
amazon,retail,https://www.amazon.in/s?k=laptop,Windows 11 Home,2026-03-18,0,0,0,0,0,0
amazon,retail,https://www.amazon.in/s?k=laptop,1.80 to 1.99 GHz,2026-03-18,0,0,0,0,0,0
amazon,retail,https://www.amazon.in/s?k=laptop,Your Account,2026-03-18,0,0,0,0,0,0
amazon,retail,https://www.amazon.in/s?k=laptop,DisplayPort,2026-03-18,0,0,0,0,0,0
amazon,retail,https://www.amazon.in/s?k=laptop,2560 x 1600,2026-03-18,0,0,0,0,0,0
amazon,retail,https://www.amazon.in/s?k=laptop,"Show/Hide shortcuts
shift
+
alt
+
Z",2026-03-18,0,0,0,0,0,0
amazon,retail,https://www.amazon.in/s?k=laptop,Toys & Games,2026-03-18,0,0,0,0,0,0
amazon,retail,https://www.amazon.in/s?k=laptop,Thunderbolt 4,2026-03-18,0,0,0,0,0,0
amazon,retail,https://www.amazon.in/s?k=laptop,Lithium Ion,2026-03-18,0,0,0,0,0,0
amazon,retail,https://www.amazon.in/s?k=laptop,Your Subscribe & Save Items,2026-03-18,0,0,0,0,0,0
amazon,retail,https://www.amazon.in/s?k=laptop,All,2026-03-18,0,0,0,0,0,0
amazon,retail,https://www.amazon.in/s?k=laptop,USB 3.1 Type A,2026-03-18,0,0,0,0,0,0
amazon,retail,https://www.amazon.in/s?k=laptop,Create a Wish List,2026-03-18,0,0,0,0,0,0
amazon,retail,https://www.amazon.in/s?k=laptop,Sell under Amazon Accelerator,2026-03-18,0,0,0,0,0,0
amazon,retail,https://www.amazon.in/s?k=laptop,ShopForBest,2026-03-18,0,0,0,0,0,0
amazon,retail,https://www.amazon.in/s?k=laptop,4.2 out of 5 stars,2026-03-18,0,0,0,0,0,0
amazon,retail,https://www.amazon.in/s?k=laptop,"ASUS Vivobook Go 14, AMD Ryzen 5 7520U, 16GB RAM, 512GB SSD, FHD, 14"", 60Hz,42WHrs, Windows 11, M365 Basic (1Year)*,Office Home 2024, Mixed Black, 1.38 kg, E1404FA-EB774WS, Thin & Light Laptop",2026-03-18,0,0,0,0,0,0
amazon,retail,https://www.amazon.in/s?k=laptop,acer,2026-03-18,0,0,0,0,0,0
amazon,retail,https://www.amazon.in/s?k=laptop,Up to 13.9 in,2026-03-18,0,0,0,0,0,0
amazon,retail,https://www.amazon.in/s?k=laptop,Sell on Amazon,2026-03-18,0,0,0,0,0,0
amazon,retail,https://www.amazon.in/s?k=laptop,Gaming,2026-03-18,0,0,0,0,0,0
amazon,retail,https://www.amazon.in/s?k=laptop,CMPL ONLINE,2026-03-18,0,0,0,0,0,0
amazon,retail,https://www.amazon.in/s?k=laptop,Pet Supplies,2026-03-18,0,0,0,0,0,0
amazon,retail,https://www.amazon.in/s?k=laptop,SellerNow,2026-03-18,0,0,0,0,0,0
amazon,retail,https://www.amazon.in/s?k=laptop,"₹25,990
₹25,990 
M.R.P: ₹27,990
M.R.P: 
₹27,990
₹27,990",2026-03-18,0,0,0,0,0,0
amazon,retail,https://www.amazon.in/s?k=laptop,IT Trade Deal,2026-03-18,0,0,0,0,0,0
amazon,retail,https://www.amazon.in/s?k=laptop,NVIDIA,2026-03-18,0,0,0,0,0,0
amazon,retail,https://www.amazon.in/s?k=laptop,Beauty & Personal Care,2026-03-18,0,0,0,0,0,0
amazon,retail,https://www.amazon.in/s?k=laptop,Sort by:,2026-03-18,0,0,0,0,0,0
amazon,retail,https://www.amazon.in/s?k=laptop,1920 x 1080,2026-03-18,0,0,0,0,0,0
amazon,retail,https://www.amazon.in/s?k=laptop,Last 90 days,2026-03-18,0,0,0,0,0,0
amazon,retail,https://www.amazon.in/s?k=laptop,(358),2026-03-18,0,0,0,0,0,0
amazon,retail,https://www.amazon.in/s?k=laptop,4 to 5 GB,2026-03-18,0,0,0,0,0,0
amazon,retail,https://www.amazon.in/s?k=laptop,Amazon Science,2026-03-18,0,0,0,0,0,0
amazon,retail,https://www.amazon.in/s?k=laptop,Recalls and Product Safety Alerts,2026-03-18,0,0,0,0,0,0
amazon,retail,https://www.amazon.in/s?k=laptop,1.60 to 1.79 GHz,2026-03-18,0,0,0,0,0,0
amazon,retail,https://www.amazon.in/s?k=laptop,"Sports, Fitness & Outdoors",2026-03-18,0,0,0,0,0,0
amazon,retail,https://www.amazon.in/s?k=laptop,Prime,2026-03-18,0,0,0,0,0,0
amazon,retail,https://www.amazon.in/s?k=laptop,Instagram,2026-03-18,0,0,0,0,0,0
amazon,retail,https://www.amazon.in/s?k=laptop,Saco,2026-03-18,0,0,0,0,0,0
amazon,retail,https://www.amazon.in/s?k=laptop,"HP Pavilion x360, 13th Gen Intel Core i5-1335U (16GB DDR4, 1TB SSD) FHD, 14''/35.6 cm, Touchscreen 2-in-1, Win 11, Office 21, Silver, 1.51 kg, ek1010TU/1149tu, FPR, 5MP Camera, B&O, Backlit Laptop",2026-03-18,0,0,0,0,0,0
amazon,retail,https://www.amazon.in/s?k=laptop,720p,2026-03-18,0,0,0,0,0,0
amazon,retail,https://www.amazon.in/s?k=laptop,Touch Bar,2026-03-18,0,0,0,0,0,0
amazon,retail,https://www.amazon.in/s?k=laptop,"acer AspireGo14, Intel Core Ultra5 125H AI Processor,Office 2024 + M365 Basic, 16 GB RAM, 512 GB SSD, WUXGA IPS, 14.0""/35.56 cm, Win 11 Home, Steel Gray, 1.5 kg, AG14-71M, Backlit KB, Premium Laptop",2026-03-18,0,0,0,0,0,0
amazon,retail,https://www.amazon.in/s?k=laptop,Spill Resistant,2026-03-18,0,0,0,0,0,0
amazon,retail,https://www.amazon.in/s?k=laptop,Include Out of Stock,2026-03-18,0,0,0,0,0,0
amazon,retail,https://www.amazon.in/s?k=laptop,3.9 out of 5 stars,2026-03-18,0,0,0,0,0,0
amazon,retail,https://www.amazon.in/s?k=laptop,Visit the help section,2026-03-18,0,0,0,0,0,0
amazon,retail,https://www.amazon.in/s?k=laptop,Support Stylus,2026-03-18,0,0,0,0,0,0
amazon,retail,https://www.amazon.in/s?k=laptop,35% Off or more,2026-03-18,0,0,0,0,0,0
amazon,retail,https://www.amazon.in/s?k=laptop,"Free Shipping
Get FREE Shipping on eligible orders shipped by Amazon",2026-03-18,0,0,0,0,0,0
amazon,retail,https://www.amazon.in/s?k=laptop,(74),2026-03-18,0,0,0,0,0,0
amazon,retail,https://www.amazon.in/s?k=laptop,1.5 to 1.9 kg,2026-03-18,0,0,0,0,0,0
amazon,retail,https://www.amazon.in/s?k=laptop,3456 x 2234,2026-03-18,0,0,0,0,0,0
amazon,retail,https://www.amazon.in/s?k=laptop,Core I5,2026-03-18,0,0,0,0,0,0
amazon,retail,https://www.amazon.in/s?k=laptop,"IMDb
Movies, TV
& Celebrities",2026-03-18,0,0,0,0,0,0
amazon,retail,https://www.amazon.in/s?k=laptop,4.3 out of 5 stars,2026-03-18,0,0,0,0,0,0
amazon,retail,https://www.amazon.in/s?k=laptop,contact us,2026-03-18,0,0,0,0,0,0
amazon,retail,https://www.amazon.in/s?k=laptop,15.6 Inch,2026-03-18,0,0,0,0,0,0
amazon,retail,https://www.amazon.in/s?k=laptop,Your Prime Video,2026-03-18,0,0,0,0,0,0
amazon,retail,https://www.amazon.in/s?k=laptop,DDR3,2026-03-18,0,0,0,0,0,0
amazon,retail,https://www.amazon.in/s?k=laptop,"Amazon Web Services
Scalable Cloud
Computing Services",2026-03-18,0,0,0,0,0,0
amazon,retail,https://www.amazon.in/s?k=laptop,2.5mm Audio,2026-03-18,0,0,0,0,0,0
amazon,retail,https://www.amazon.in/s?k=laptop,2.5 kg & above,2026-03-18,0,0,0,0,0,0
amazon,retail,https://www.amazon.in/s?k=laptop,"₹28,859
₹28,859 
M.R.P: ₹47,999
M.R.P: 
₹47,999
₹47,999",2026-03-18,0,0,0,0,0,0
amazon,retail,https://www.amazon.in/s?k=laptop,4.4 out of 5 stars,2026-03-18,0,0,0,0,0,0
amazon,retail,https://www.amazon.in/s?k=laptop,MSI,2026-03-18,0,0,0,0,0,0
amazon,retail,https://www.amazon.in/s?k=laptop,(41),2026-03-18,0,0,0,0,0,0
amazon,retail,https://www.amazon.in/s?k=laptop,Lithium Polymer,2026-03-18,0,0,0,0,0,0
amazon,retail,https://www.amazon.in/s?k=laptop,"HP Professional 14 (2025), Intel Core i3 13th Gen 1315U - (16 GB/512 GB SSD/Intel UHD Graphics/Windows 11 Pro) Thin and Light Business Laptop/14.0"" HD Display/Turbo Silver/1.4 Kg/MSO 2021",2026-03-18,0,0,0,0,0,0
amazon,retail,https://www.amazon.in/s?k=laptop,USB 3.0 Type C,2026-03-18,0,0,0,0,0,0
amazon,retail,https://www.amazon.in/s?k=laptop,Main content,2026-03-18,0,0,0,0,0,0
amazon,retail,https://www.amazon.in/s?k=laptop,250 - 499 GB,2026-03-18,0,0,0,0,0,0
amazon,retail,https://www.amazon.in/s?k=laptop,Become an Affiliate,2026-03-18,0,0,0,0,0,0
amazon,retail,https://www.amazon.in/s?k=laptop,Conditions of Use & Sale,2026-03-18,0,0,0,0,0,0
amazon,retail,https://www.amazon.in/s?k=laptop,Headphones,2026-03-18,0,0,0,0,0,0
amazon,retail,https://www.amazon.in/s?k=laptop,Amazon App Download,2026-03-18,0,0,0,0,0,0
amazon,retail,https://www.amazon.in/s?k=laptop,Amazon Global Selling,2026-03-18,0,0,0,0,0,0
amazon,retail,https://www.amazon.in/s?k=laptop,ASUS,2026-03-18,0,0,0,0,0,0
amazon,retail,https://www.amazon.in/s?k=laptop,Mobiles,2026-03-18,0,0,0,0,0,0
amazon,retail,https://www.amazon.in/s?k=laptop,Samsung,2026-03-18,0,0,0,0,0,0
amazon,retail,https://www.amazon.in/s?k=laptop,1 TB & above,2026-03-18,0,0,0,0,0,0
amazon,retail,https://www.amazon.in/s?k=laptop,Sell,2026-03-18,0,0,0,0,0,0
amazon,retail,https://www.amazon.in/s?k=laptop,4.1 out of 5 stars,2026-03-18,0,0,0,0,0,0
amazon,retail,https://www.amazon.in/s?k=laptop,"ASUS Chromebook CX1405 (2026), Intel N50 Processor, Intel UHD iGPU, 8GB RAM, 128GB SSD, FHD, 14"" (35.5 cm), Chrome OS, Pure Grey, 1.39 Kg, CX1405CTA-S60622, 42WHrs, Thin & Light Laptop",2026-03-18,0,0,0,0,0,0
amazon,retail,https://www.amazon.in/s?k=laptop,Touchscreen,2026-03-18,0,0,0,0,0,0
amazon,retail,https://www.amazon.in/s?k=laptop,Lenovo,2026-03-18,0,0,0,0,0,0
amazon,retail,https://www.amazon.in/s?k=laptop,Press Releases,2026-03-18,0,0,0,0,0,0
amazon,retail,https://www.amazon.in/s?k=laptop,Subscribe & Save,2026-03-18,0,0,0,0,0,0
amazon,retail,https://www.amazon.in/s?k=laptop,Discover Your Style,2026-03-18,0,0,0,0,0,0
amazon,retail,https://www.amazon.in/s?k=laptop,Results,2026-03-18,0,0,0,0,0,0
amazon,retail,https://www.amazon.in/s?k=laptop,"₹44,990
₹44,990 
M.R.P: ₹52,990
M.R.P: 
₹52,990
₹52,990",2026-03-18,0,0,0,0,0,0
amazon,retail,https://www.amazon.in/s?k=laptop,Baby,2026-03-18,0,0,0,0,0,0
amazon,retail,https://www.amazon.in/s?k=laptop,LCD,2026-03-18,0,0,0,0,0,0
amazon,retail,https://www.amazon.in/s?k=laptop,"Over ₹135,000",2026-03-18,0,0,0,0,0,0
amazon,retail,https://www.amazon.in/s?k=laptop,2.50 to 2.99 GHz,2026-03-18,0,0,0,0,0,0
amazon,retail,https://www.amazon.in/s?k=laptop,Explore Showroom,2026-03-18,0,0,0,0,0,0
amazon,retail,https://www.amazon.in/s?k=laptop,Solid State,2026-03-18,0,0,0,0,0,0
amazon,retail,https://www.amazon.in/s?k=laptop,DDR DRAM,2026-03-18,0,0,0,0,0,0
amazon,retail,https://www.amazon.in/s?k=laptop,Clicktech Retail Private Ltd,2026-03-18,0,0,0,0,0,0
amazon,retail,https://www.amazon.in/s?k=laptop,Skip to main search results,2026-03-18,0,0,0,0,0,0
amazon,retail,https://www.amazon.in/s?k=laptop,"AbeBooks
Books, art
& collectibles",2026-03-18,0,0,0,0,0,0
amazon,retail,https://www.amazon.in/s?k=laptop,Get It in 2 Days,2026-03-18,0,0,0,0,0,0
amazon,retail,https://www.amazon.in/s?k=laptop,3.5mm Audio,2026-03-18,0,0,0,0,0,0
amazon,retail,https://www.amazon.in/s?k=laptop,Video Games,2026-03-18,0,0,0,0,0,0
amazon,retail,https://www.amazon.in/s?k=laptop,Chromebook,2026-03-18,0,0,0,0,0,0
amazon,retail,https://www.amazon.in/s?k=laptop,"Shopbop
Designer
Fashion Brands",2026-03-18,0,0,0,0,0,0
amazon,retail,https://www.amazon.in/s?k=laptop,Bluetooth 5,2026-03-18,0,0,0,0,0,0
amazon,retail,https://www.amazon.in/s?k=laptop,PCIE x 4,2026-03-18,0,0,0,0,0,0
amazon,retail,https://www.amazon.in/s?k=laptop,7 to 7.9 h,2026-03-18,0,0,0,0,0,0
amazon,retail,https://www.amazon.in/s?k=laptop,Amazon Pay,2026-03-18,0,0,0,0,0,0
amazon,retail,https://www.amazon.in/s?k=laptop,Back to top,2026-03-18,0,0,0,0,0,0
amazon,retail,https://www.amazon.in/s?k=laptop,240,2026-03-18,0,0,0,0,0,0
amazon,retail,https://www.amazon.in/s?k=laptop,Chiclet,2026-03-18,0,0,0,0,0,0
amazon,retail,https://www.amazon.in/s?k=laptop,8 GB & Above,2026-03-18,0,0,0,0,0,0
amazon,retail,https://www.amazon.in/s?k=laptop,"Delivering to Bengaluru 562130
Update location",2026-03-18,0,0,0,0,0,0
amazon,retail,https://www.amazon.in/s?k=laptop,Backlit Keyboard,2026-03-18,0,0,0,0,0,0
amazon,retail,https://www.amazon.in/s?k=laptop,35 to 39 cm,2026-03-18,0,0,0,0,0,0
amazon,retail,https://www.amazon.in/s?k=laptop,tech junction,2026-03-18,0,0,0,0,0,0
amazon,retail,https://www.amazon.in/s?k=laptop,Baby Wishlist,2026-03-18,0,0,0,0,0,0
amazon,retail,https://www.amazon.in/s?k=laptop,"₹38,656
₹38,656 
M.R.P: ₹50,990
M.R.P: 
₹50,990
₹50,990",2026-03-18,0,0,0,0,0,0
amazon,retail,https://www.amazon.in/s?k=laptop,"0
Cart",2026-03-18,0,0,0,0,0,0
amazon,retail,https://www.amazon.in/s?k=laptop,Interest-Based Ads,2026-03-18,0,0,0,0,0,0
amazon,retail,https://www.amazon.in/s?k=laptop,Supply to Amazon,2026-03-18,0,0,0,0,0,0
amazon,retail,https://www.amazon.in/s?k=laptop,+1 other color/pattern,2026-03-18,0,0,0,0,0,0
amazon,retail,https://www.amazon.in/s?k=laptop,"Model 5410 | i5 | 10th Gen | 8GB DDR4 RAM | 256GB SSD | UHD Graphics 620 | 14"" FHD Display | Win 10 Pro | A+ Condition Laptop (Refab)",2026-03-18,0,0,0,0,0,0
amazon,retail,https://www.amazon.in/s?k=laptop,"₹351,900+",2026-03-18,0,0,0,0,0,0
amazon,retail,https://www.amazon.in/s?k=laptop,"₹78,990
₹78,990 
M.R.P: ₹99,019
M.R.P: 
₹99,019
₹99,019",2026-03-18,0,0,0,0,0,0
amazon,retail,https://www.amazon.in/s?k=laptop,3840 x 2400,2026-03-18,0,0,0,0,0,0
amazon,retail,https://www.amazon.in/s?k=laptop,English,2026-03-18,0,0,0,0,0,0
amazon,retail,https://www.amazon.in/s?k=laptop,About Amazon,2026-03-18,0,0,0,0,0,0
amazon,retail,https://www.amazon.in/s?k=laptop,"Home
shift
+
alt
+
H",2026-03-18,0,0,0,0,0,0
amazon,retail,https://www.amazon.in/s?k=laptop,Ergonomic,2026-03-18,0,0,0,0,0,0
amazon,retail,https://www.amazon.in/s?k=laptop,USB,2026-03-18,0,0,0,0,0,0
amazon,retail,https://www.amazon.in/s?k=laptop,.in,2026-03-18,0,0,0,0,0,0
amazon,retail,https://www.amazon.in/s?k=laptop,HD Audio,2026-03-18,0,0,0,0,0,0
amazon,retail,https://www.amazon.in/s?k=laptop,Up to 159 GB,2026-03-18,0,0,0,0,0,0
amazon,retail,https://www.amazon.in/s?k=laptop,3840 x 2160,2026-03-18,0,0,0,0,0,0
amazon,retail,https://www.amazon.in/s?k=laptop,Register for a free Business Account,2026-03-18,0,0,0,0,0,0
amazon,retail,https://www.amazon.in/s?k=laptop,Dell I7,2026-03-18,0,0,0,0,0,0
amazon,retail,https://www.amazon.in/s?k=laptop,64 GB,2026-03-18,0,0,0,0,0,0
amazon,retail,https://www.amazon.in/s?k=laptop,Wi-Fi 5,2026-03-18,0,0,0,0,0,0
amazon,retail,https://www.amazon.in/s?k=laptop,25% Off or more,2026-03-18,0,0,0,0,0,0
amazon,retail,https://www.amazon.in/s?k=laptop,165,2026-03-18,0,0,0,0,0,0
amazon,retail,https://www.amazon.in/s?k=laptop,500 - 999 GB,2026-03-18,0,0,0,0,0,0
amazon,retail,https://www.amazon.in/s?k=laptop,100% Purchase Protection,2026-03-18,0,0,0,0,0,0
amazon,retail,https://www.amazon.in/s?k=laptop,Previous,2026-03-18,0,0,0,0,0,0
amazon,retail,https://www.amazon.in/s?k=laptop,Up to 6.9 h,2026-03-18,0,0,0,0,0,0
amazon,retail,https://www.amazon.in/s?k=laptop,Your Wish List,2026-03-18,0,0,0,0,0,0
amazon,retail,https://www.amazon.in/s?k=laptop,Wi-Fi,2026-03-18,0,0,0,0,0,0
amazon,retail,https://www.amazon.in/s?k=laptop,Fresh,2026-03-18,0,0,0,0,0,0
amazon,retail,https://www.amazon.in/s?k=laptop,Your Recommendations,2026-03-18,0,0,0,0,0,0
amazon,retail,https://www.amazon.in/s?k=laptop,Numeric Keypad,2026-03-18,0,0,0,0,0,0
amazon,retail,https://www.amazon.in/s?k=laptop,SDHC,2026-03-18,0,0,0,0,0,0
amazon,retail,https://www.amazon.in/s?k=laptop,"Audible
Download
Audio Books",2026-03-18,0,0,0,0,0,0
amazon,retail,https://www.amazon.in/s?k=laptop,LPDDR4,2026-03-18,0,0,0,0,0,0
amazon,retail,https://www.amazon.in/s?k=laptop,128 GB,2026-03-18,0,0,0,0,0,0
amazon,retail,https://www.amazon.in/s?k=laptop,DDR5,2026-03-18,0,0,0,0,0,0
amazon,retail,https://www.amazon.in/s?k=laptop,laptop i5,2026-03-18,0,0,0,0,0,0
amazon,retail,https://www.amazon.in/s?k=laptop,Up to 34 cm,2026-03-18,0,0,0,0,0,0
amazon,retail,https://www.amazon.in/s?k=laptop,See more,2026-03-18,0,0,0,0,0,0
amazon,retail,https://www.amazon.in/s?k=laptop,Wi-Fi 6,2026-03-18,0,0,0,0,0,0
amazon,retail,https://www.amazon.in/s?k=laptop,Protect and Build Your Brand,2026-03-18,0,0,0,0,0,0
amazon,retail,https://www.amazon.in/s?k=laptop,"₹45,700
₹45,700 
M.R.P: ₹58,900
M.R.P: 
₹58,900
₹58,900",2026-03-18,0,0,0,0,0,0
amazon,retail,https://www.amazon.in/s?k=laptop,Ultrabook,2026-03-18,0,0,0,0,0,0
amazon,retail,https://www.amazon.in/s?k=laptop,"acer Nitro V 15 Gaming Laptop 15.6"" FHD IPS 165Hz Intel 8-core i5-13420H 16GB RAM 512GB SSD GeForce RTX 5050 GDDR7 DLSS4 (Up to 440 AI Tops) Backlit Thunderbolt WiFi6 Win11 ICP Hub",2026-03-18,0,0,0,0,0,0
amazon,retail,https://www.amazon.in/s?k=laptop,"₹64,990
₹64,990 
M.R.P: ₹74,026
M.R.P: 
₹74,026
₹74,026",2026-03-18,0,0,0,0,0,0
amazon,retail,https://www.amazon.in/s?k=laptop,"Amazon Business
Everything For
Your Business",2026-03-18,0,0,0,0,0,0
amazon,retail,https://www.amazon.in/s?k=laptop,Windows 10 Home,2026-03-18,0,0,0,0,0,0
amazon,retail,https://www.amazon.in/s?k=laptop,New Releases,2026-03-18,0,0,0,0,0,0
amazon,retail,https://www.amazon.in/s?k=laptop,Business,2026-03-18,0,0,0,0,0,0
amazon,retail,https://www.amazon.in/s?k=laptop,Returns Centre,2026-03-18,0,0,0,0,0,0
amazon,retail,https://www.amazon.in/s?k=laptop,"Hello, sign in
Account & Lists",2026-03-18,0,0,0,0,0,0
amazon,retail,https://www.amazon.in/s?k=laptop,"₹69,000 - ₹98,000",2026-03-18,0,0,0,0,0,0
amazon,retail,https://www.amazon.in/s?k=laptop,Your Orders,2026-03-18,0,0,0,0,0,0
amazon,retail,https://www.amazon.in/s?k=laptop,Qualcomm,2026-03-18,0,0,0,0,0,0
amazon,retail,https://www.amazon.in/s?k=laptop,8 to 8.9 h,2026-03-18,0,0,0,0,0,0
amazon,retail,https://www.amazon.in/s?k=laptop,SDRAM,2026-03-18,0,0,0,0,0,0
amazon,retail,https://www.amazon.in/s?k=laptop,Anti Glare Coating,2026-03-18,0,0,0,0,0,0
amazon,retail,https://www.amazon.in/s?k=laptop,SSD,2026-03-18,0,0,0,0,0,0
amazon,retail,https://www.amazon.in/s?k=laptop,"Lenovo V15 G4 AMD Athlon Silver 7120U Laptop 8GB LPDDR5 Ram, 512 GB SSD PCIe, Windows 11/MS Office,15.6"" FHD Screen, AMD Radeon 610M, Silver, 1 Year Brand Warranty",2026-03-18,0,0,0,0,0,0
amazon,retail,https://www.amazon.in/s?k=laptop,16 GB,2026-03-18,0,0,0,0,0,0
amazon,retail,https://www.amazon.in/s?k=laptop,Microsoft,2026-03-18,0,0,0,0,0,0
amazon,retail,https://www.amazon.in/s?k=laptop,2496 x 1664,2026-03-18,0,0,0,0,0,0
amazon,retail,https://www.amazon.in/s?k=laptop,Your Seller Account,2026-03-18,0,0,0,0,0,0
amazon,retail,https://www.amazon.in/s?k=laptop,Backlit,2026-03-18,0,0,0,0,0,0
amazon,retail,https://www.amazon.in/s?k=laptop,HDD,2026-03-18,0,0,0,0,0,0
amazon,retail,https://www.amazon.in/s?k=laptop,laptop dell,2026-03-18,0,0,0,0,0,0
amazon,retail,https://www.amazon.in/s?k=laptop,Eligible for Pay On Delivery,2026-03-18,0,0,0,0,0,0
amazon,retail,https://www.amazon.in/s?k=laptop,Keep shopping for,2026-03-18,0,0,0,0,0,0
amazon,retail,https://www.amazon.in/s?k=laptop,macbook,2026-03-18,0,0,0,0,0,0
amazon,retail,https://www.amazon.in/s?k=laptop,DDR4,2026-03-18,0,0,0,0,0,0
amazon,retail,https://www.amazon.in/s?k=laptop,USB 3.1 Type C,2026-03-18,0,0,0,0,0,0
amazon,retail,https://www.amazon.in/s?k=laptop,"₹67,990
₹67,990 
M.R.P: ₹87,990
M.R.P: 
₹87,990
₹87,990",2026-03-18,0,0,0,0,0,0
amazon,retail,https://www.amazon.in/s?k=laptop,"Amazon Prime Music
100 million songs, ad-free
Over 15 million podcast episodes",2026-03-18,0,0,0,0,0,0
amazon,retail,https://www.amazon.in/s?k=laptop,Wi-Fi 7,2026-03-18,0,0,0,0,0,0
amazon,retail,https://www.amazon.in/s?k=laptop,"Orders
shift
+
alt
+
O",2026-03-18,0,0,0,0,0,0
amazon,retail,https://www.amazon.in/s?k=laptop,Bestsellers,2026-03-18,0,0,0,0,0,0
amazon,retail,https://www.amazon.in/s?k=laptop,"ASUS Vivobook 15, Smartchoice, AMD Ryzen 7 5825U, 16GB RAM, 512GB SSD, FHD 15.6"", Windows 11, Office Home 2024, Quiet Blue, 1.7Kg, M1502YA-BQ703WS, AMD Radeon iGPU, M365 Basic (1Year)*, 42Whr Laptop",2026-03-18,0,0,0,0,0,0
amazon,retail,https://www.amazon.in/s?k=laptop,(341),2026-03-18,0,0,0,0,0,0
amazon,retail,https://www.amazon.in/s?k=laptop,DDR5 RAM,2026-03-18,0,0,0,0,0,0
amazon,retail,https://www.amazon.in/s?k=laptop,Books,2026-03-18,0,0,0,0,0,0
amazon,retail,https://www.amazon.in/s?k=laptop,"₹49,990
₹49,990 
M.R.P: ₹57,990
M.R.P: 
₹57,990
₹57,990",2026-03-18,0,0,0,0,0,0
amazon,retail,https://www.amazon.in/s?k=laptop,Dell,2026-03-18,0,0,0,0,0,0
amazon,retail,https://www.amazon.in/s?k=laptop,AMD,2026-03-18,0,0,0,0,0,0
amazon,retail,https://www.amazon.in/s?k=laptop,Windows 10 Pro,2026-03-18,0,0,0,0,0,0
amazon,retail,https://www.amazon.in/s?k=laptop,Add to cart,2026-03-18,0,0,0,0,0,0
amazon,retail,https://www.amazon.in/s?k=laptop,AmazonBasics,2026-03-18,0,0,0,0,0,0
amazon,retail,https://www.amazon.in/s?k=laptop,laptops under 20000,2026-03-18,0,0,0,0,0,0
amazon,retail,https://www.amazon.in/s?k=laptop,Clicktech Business,2026-03-18,0,0,0,0,0,0
amazon,retail,https://www.amazon.in/s?k=laptop,Car & Motorbike,2026-03-18,0,0,0,0,0,0
amazon,retail,https://www.amazon.in/s?k=laptop,Advertise Your Products,2026-03-18,0,0,0,0,0,0
amazon,retail,https://www.amazon.in/s?k=laptop,2.0 to 2.4 kg,2026-03-18,0,0,0,0,0,0
amazon,retail,https://www.amazon.in/s?k=laptop,"Cart
shift
+
alt
+
C",2026-03-18,0,0,0,0,0,0
amazon,retail,https://www.amazon.in/s?k=laptop,Search Amazon.in,2026-03-18,0,0,0,0,0,0
amazon,retail,https://www.amazon.in/s?k=laptop,4 GB,2026-03-18,0,0,0,0,0,0
amazon,retail,https://www.amazon.in/s?k=laptop,16 in & above,2026-03-18,0,0,0,0,0,0
amazon,retail,https://www.amazon.in/s?k=laptop,"₹37,999
₹37,999 
M.R.P: ₹78,690
M.R.P: 
₹78,690
₹78,690",2026-03-18,0,0,0,0,0,0
amazon,retail,https://www.amazon.in/s?k=laptop,"Up to ₹41,500",2026-03-18,0,0,0,0,0,0
amazon,retail,https://www.amazon.in/s?k=laptop,(165),2026-03-18,0,0,0,0,0,0
amazon,retail,https://www.amazon.in/s?k=laptop,144,2026-03-18,0,0,0,0,0,0
amazon,retail,https://www.amazon.in/s?k=laptop,hp laptops,2026-03-18,0,0,0,0,0,0
amazon,retail,https://www.amazon.in/s?k=laptop,"Lenovo IdeaPad Slim 3, 13th Gen Intel Core i5 13420H, 24GB RAM, 1TB SSD, WUXGA IPS, 15.3""/38.8cm, Windows 11, Office Home 2024, Grey, 1.6Kg, Backlit Keyboard, 1Yr ADP Free, 83K100PLIN, Laptop",2026-03-18,0,0,0,0,0,0
amazon,retail,https://www.amazon.in/s?k=laptop,LPDDR5,2026-03-18,0,0,0,0,0,0
amazon,retail,https://www.amazon.in/s?k=laptop,Wish from Any Website,2026-03-18,0,0,0,0,0,0
amazon,retail,https://www.amazon.in/s?k=laptop,6 to 7 GB,2026-03-18,0,0,0,0,0,0
amazon,retail,https://www.amazon.in/s?k=laptop,9 h & above,2026-03-18,0,0,0,0,0,0
flipkart,retail,https://www.flipkart.com/laptops,GO TO HOMEPAGE,2026-03-18,0,0,0,0,0,0
netflix,saas,https://www.netflix.com/in,Privacy Statement,2026-03-18,0,0,0,0,0,0
netflix,saas,https://www.netflix.com/in,Privacy Statement.,2026-03-18,0,0,0,0,0,0
netflix,saas,https://www.netflix.com/in,Cancel,2026-03-18,0,0,0,0,0,0
netflix,saas,https://www.netflix.com/in,"Jolly LLB 3
10
10",2026-03-18,0,0,0,0,0,0
netflix,saas,https://www.netflix.com/in,Speed Test,2026-03-18,0,0,0,0,0,0
netflix,saas,https://www.netflix.com/in,"With Love
5
5",2026-03-18,0,0,0,0,0,0
netflix,saas,https://www.netflix.com/in,Corporate Information,2026-03-18,0,0,0,0,0,0
netflix,saas,https://www.netflix.com/in,"War Machine
7
7",2026-03-18,0,0,0,0,0,0
netflix,saas,https://www.netflix.com/in,checkbox label,2026-03-18,0,0,0,0,0,0
netflix,saas,https://www.netflix.com/in,How much does Netflix cost?,2026-03-18,0,0,0,0,0,0
netflix,saas,https://www.netflix.com/in,Terms of Use,2026-03-18,0,0,0,0,0,0
netflix,saas,https://www.netflix.com/in,Apply,2026-03-18,0,0,0,0,0,0
netflix,saas,https://www.netflix.com/in,Terms of Use.,2026-03-18,0,0,0,0,0,0
netflix,saas,https://www.netflix.com/in,Email address,2026-03-18,0,0,0,0,0,0
netflix,saas,https://www.netflix.com/in,Cookies and Internet Advertising,2026-03-18,0,0,0,0,0,0
netflix,saas,https://www.netflix.com/in,Help Centre,2026-03-18,0,0,0,0,0,0
netflix,saas,https://www.netflix.com/in,"Stranger Things
9
9",2026-03-18,0,0,0,0,0,0
netflix,saas,https://www.netflix.com/in,"Taskaree: The Smuggler's Web
4
4",2026-03-18,0,0,0,0,0,0
netflix,saas,https://www.netflix.com/in,What is Netflix?,2026-03-18,0,0,0,0,0,0
netflix,saas,https://www.netflix.com/in,How do I cancel?,2026-03-18,0,0,0,0,0,0
netflix,saas,https://www.netflix.com/in,Jobs,2026-03-18,0,0,0,0,0,0
netflix,saas,https://www.netflix.com/in,Investor Relations,2026-03-18,0,0,0,0,0,0
netflix,saas,https://www.netflix.com/in,Cookie Preferences,2026-03-18,0,0,0,0,0,0
netflix,saas,https://www.netflix.com/in,Advertising Cookies,2026-03-18,0,0,0,0,0,0
netflix,saas,https://www.netflix.com/in,Get Started,2026-03-18,0,0,0,0,0,0
netflix,saas,https://www.netflix.com/in,Only on Netflix,2026-03-18,0,0,0,0,0,0
netflix,saas,https://www.netflix.com/in,Clear,2026-03-18,0,0,0,0,0,0
netflix,saas,https://www.netflix.com/in,Sign In,2026-03-18,0,0,0,0,0,0
netflix,saas,https://www.netflix.com/in,Legal Notices,2026-03-18,0,0,0,0,0,0
netflix,saas,https://www.netflix.com/in,Select Language,2026-03-18,0,0,0,0,0,0
netflix,saas,https://www.netflix.com/in,Ways to Watch,2026-03-18,0,0,0,0,0,0
netflix,saas,https://www.netflix.com/in,Is Netflix good for kids?,2026-03-18,0,0,0,0,0,0
netflix,saas,https://www.netflix.com/in,Save settings,2026-03-18,0,0,0,0,0,0
netflix,saas,https://www.netflix.com/in,000-800-919-1743,2026-03-18,0,0,0,0,0,0
netflix,saas,https://www.netflix.com/in,Third Party Performance and Functionality Cookies,2026-03-18,0,0,0,0,0,0
netflix,saas,https://www.netflix.com/in,Media Centre,2026-03-18,0,0,0,0,0,0
netflix,saas,https://www.netflix.com/in,Cookies Details,2026-03-18,0,0,0,0,0,0
netflix,saas,https://www.netflix.com/in,Account,2026-03-18,0,0,0,0,0,0
netflix,saas,https://www.netflix.com/in,"ONE PIECE
2
2",2026-03-18,0,0,0,0,0,0
netflix,saas,https://www.netflix.com/in,Where can I watch?,2026-03-18,0,0,0,0,0,0
netflix,saas,https://www.netflix.com/in,What can I watch on Netflix?,2026-03-18,0,0,0,0,0,0
netflix,saas,https://www.netflix.com/in,Back Button,2026-03-18,0,0,0,0,0,0
netflix,saas,https://www.netflix.com/in,"The Great Indian Kapil Show
3
3",2026-03-18,0,0,0,0,0,0
netflix,saas,https://www.netflix.com/in,"Made in Korea
8
8",2026-03-18,0,0,0,0,0,0
netflix,saas,https://www.netflix.com/in,Filter Button,2026-03-18,0,0,0,0,0,0
netflix,saas,https://www.netflix.com/in,Privacy,2026-03-18,0,0,0,0,0,0
netflix,saas,https://www.netflix.com/in,"Tere Ishk Mein
6
6",2026-03-18,0,0,0,0,0,0
netflix,saas,https://www.netflix.com/in,Contact Us,2026-03-18,0,0,0,0,0,0
netflix,saas,https://www.netflix.com/in,Learn more.,2026-03-18,0,0,0,0,0,0
netflix,saas,https://www.netflix.com/in,FAQ,2026-03-18,0,0,0,0,0,0
netflix,saas,https://www.netflix.com/in,"Dhurandhar
1
1",2026-03-18,0,0,0,0,0,0
hotstar,saas,https://www.hotstar.com,"Acrobatic Boundary Saves ft. Smith, Rahane and More4mAcrobatic Boundary Saves ft. Smith, Rahane and MoreTake a look at the Top 10 boundary saves in the history of the TATA IPL",2026-03-18,0,0,0,0,0,0
hotstar,saas,https://www.hotstar.com,"Know Your Team: MI12mKnow Your Team: MIHere are Mumbai Indians’ key strengths, weaknesses and star players for the upcoming TATA IPL 2026",2026-03-18,0,0,0,0,0,0
hotstar,saas,https://www.hotstar.com,"Know Your Team: RR11mKnow Your Team: RRHere are Rajasthan Royals’ key strengths, weaknesses and star players for the upcoming TATA IPL 2026",2026-03-18,0,0,0,0,0,0
hotstar,saas,https://www.hotstar.com,Kids Shows,2026-03-18,0,0,0,0,0,0
hotstar,saas,https://www.hotstar.com,Terms Of Use,2026-03-18,0,0,0,0,0,0
hotstar,saas,https://www.hotstar.com,Visit Help Center,2026-03-18,0,0,0,0,0,0
hotstar,saas,https://www.hotstar.com,New on JioHotstar,2026-03-18,0,0,0,0,0,0
hotstar,saas,https://www.hotstar.com,Non-Stop Sports,2026-03-18,0,0,0,0,0,0
hotstar,saas,https://www.hotstar.com,How Many Records Will Suryavanshi Break?2mHow Many Records Will Suryavanshi Break?Watch the experts discuss Vaibhav Suryavanshi's importance to Rajasthan Royals' race to the TATA IPL 2026 title,2026-03-18,0,0,0,0,0,0
hotstar,saas,https://www.hotstar.com,"Hot Take: Is Kohli Still RCB's Heartbeat?

13m

Hot Take: Is Kohli Still RCB's Heartbeat?",2026-03-18,0,0,0,0,0,0
hotstar,saas,https://www.hotstar.com,Learn More,2026-03-18,0,0,0,0,0,0
hotstar,saas,https://www.hotstar.com,Share Feedback,2026-03-18,0,0,0,0,0,0
hotstar,saas,https://www.hotstar.com,Reality Realm,2026-03-18,0,0,0,0,0,0
hotstar,saas,https://www.hotstar.com,"Acrobatic Boundary Saves ft. Smith, Rahane and More

4m

Acrobatic Boundary Saves ft. Smith, Rahane and More",2026-03-18,0,0,0,0,0,0
hotstar,saas,https://www.hotstar.com,"How Many Records Will Suryavanshi Break?

2m

How Many Records Will Suryavanshi Break?",2026-03-18,0,0,0,0,0,0
hotstar,saas,https://www.hotstar.com,Subscribe to Watch,2026-03-18,0,0,0,0,0,0
hotstar,saas,https://www.hotstar.com,Top 10 in India Today - Hindi,2026-03-18,0,0,0,0,0,0
hotstar,saas,https://www.hotstar.com,"Know Your Team: RR

11m

Know Your Team: RR",2026-03-18,0,0,0,0,0,0
hotstar,saas,https://www.hotstar.com,"Captain Pant’s Plans for the New Season

1m

Captain Pant’s Plans for the New Season",2026-03-18,0,0,0,0,0,0
hotstar,saas,https://www.hotstar.com,"ICC T20 WC TVICC T20 WC TVFrom fiery sixes to last-over finishes, feel the electrifying rush of every T20 showdown, keeping you hooked to the thrill of the game nonstop",2026-03-18,0,0,0,0,0,0
hotstar,saas,https://www.hotstar.com,"How RCB Won Their First TATA IPL Title

23m

How RCB Won Their First TATA IPL Title",2026-03-18,0,0,0,0,0,0
hotstar,saas,https://www.hotstar.com,"Know Your Team: MI

12m

Know Your Team: MI",2026-03-18,0,0,0,0,0,0
hotstar,saas,https://www.hotstar.com,"ICC T20 WC TV
LIVE
ICC T20 WC TV",2026-03-18,0,0,0,0,0,0
hotstar,saas,https://www.hotstar.com,Privacy Policy,2026-03-18,0,0,0,0,0,0
booking_com,travel,https://example.com,Only 2 rooms left at this price!,2026-03-17,1,0,0,0,0,0
booking_com,travel,https://example.com,Deal expires in 00:14:32 book now,2026-03-17,1,0,0,0,0,0
booking_com,travel,https://example.com,No thanks I hate saving money,2026-03-17,0,1,0,0,0,0
booking_com,travel,https://example.com,Taxes and fees added at checkout,2026-03-17,0,0,1,0,0,0
booking_com,travel,https://example.com,8 people are looking at this right now,2026-03-17,1,0,0,0,0,0
expedia,travel,https://example.com,Last room available at this rate,2026-03-17,1,0,0,0,0,0
expedia,travel,https://example.com,Price shown excludes taxes and service fees,2026-03-17,0,0,1,0,0,0
expedia,travel,https://example.com,No I prefer to pay full price,2026-03-17,0,1,0,0,0,0
expedia,travel,https://example.com,Hurry Only 1 ticket left at this fare,2026-03-17,1,0,0,0,0,0
amazon,retail,https://example.com,Only 3 left in stock order soon,2026-03-17,1,0,0,0,0,0
amazon,retail,https://example.com,Subscribe to Amazon Prime pre-selected,2026-03-17,0,0,0,1,0,0
amazon,retail,https://example.com,Add protection plan Rs.499 already checked,2026-03-17,0,0,0,1,0,0
amazon,retail,https://example.com,Delivery charges calculated at checkout,2026-03-17,0,0,1,0,0,0
amazon,retail,https://example.com,Limited time deal ends today,2026-03-17,1,0,0,0,0,0
flipkart,retail,https://example.com,Only 2 items left buy now,2026-03-17,1,0,0,0,0,0
flipkart,retail,https://example.com,Convenience fee Rs.49 added at payment step,2026-03-17,0,0,1,0,0,0
flipkart,retail,https://example.com,No thanks I dont want free delivery,2026-03-17,0,1,0,0,0,0
flipkart,retail,https://example.com,Auto-renew enabled pre-checked,2026-03-17,0,0,0,1,0,0
netflix,saas,https://example.com,Cancel anytime requires 30-day written notice,2026-03-17,0,0,0,0,1,0
netflix,saas,https://example.com,No thanks I dont want to save 50%,2026-03-17,0,1,0,0,0,0
netflix,saas,https://example.com,Continue to pay cancel by calling support only,2026-03-17,0,0,0,0,1,0
netflix,saas,https://example.com,Upgrade now limited offer expires at midnight,2026-03-17,1,0,0,0,0,0
hotstar,saas,https://example.com,No thanks I dont want premium content,2026-03-17,0,1,0,0,0,0
hotstar,saas,https://example.com,Cancel subscription by calling helpline,2026-03-17,0,0,0,0,1,0
hotstar,saas,https://example.com,Accept all cookies,2026-03-17,0,0,0,0,0,1
swiggy,food,https://example.com,Hurry Only 5 orders left at this price,2026-03-17,1,0,0,0,0,0
swiggy,food,https://example.com,Delivery fee added at checkout,2026-03-17,0,0,1,0,0,0
swiggy,food,https://example.com,No thanks Ill pay full price for food,2026-03-17,0,1,0,0,0,0
zomato,food,https://example.com,Only 3 restaurants left accepting orders,2026-03-17,1,0,0,0,0,0
zomato,food,https://example.com,Convenience charges applied at payment,2026-03-17,0,0,1,0,0,0
zomato,food,https://example.com,Opt-out buried in settings,2026-03-17,0,0,0,0,0,1
myntra,retail,https://example.com,Flash sale ends TODAY 80% off,2026-03-17,1,0,0,0,0,0
myntra,retail,https://example.com,No thanks I dont want fashion deals,2026-03-17,0,1,0,0,0,0
myntra,retail,https://example.com,Shipping charges calculated at final step,2026-03-17,0,0,1,0,0,0
meesho,retail,https://example.com,Only 1 left buy before its gone,2026-03-17,1,0,0,0,0,0
meesho,retail,https://example.com,Auto-enroll in Meesho Super pre-selected,2026-03-17,0,0,0,1,0,0
nykaa,retail,https://example.com,No thanks I prefer to pay more,2026-03-17,0,1,0,0,0,0
nykaa,retail,https://example.com,Free gift offer expires in 00:30:00,2026-03-17,1,0,0,0,0,0
makemytrip,travel,https://example.com,Only 2 seats left at this fare,2026-03-17,1,0,0,0,0,0
makemytrip,travel,https://example.com,Taxes and fees not included in shown price,2026-03-17,0,0,1,0,0,0
makemytrip,travel,https://example.com,Cancel trip insurance requires calling helpline,2026-03-17,0,0,0,0,1,0
cleartrip,travel,https://example.com,Hurry Price increases in 00:10:00,2026-03-17,1,0,0,0,0,0
cleartrip,travel,https://example.com,Service fee added at payment step,2026-03-17,0,0,1,0,0,0
bigbasket,retail,https://example.com,No thanks I dont want fresh produce deals,2026-03-17,0,1,0,0,0,0
bigbasket,retail,https://example.com,Convenience fee Rs.29 added at checkout,2026-03-17,0,0,1,0,0,0
ajio,retail,https://example.com,Flash sale only 4 items remaining,2026-03-17,1,0,0,0,0,0
ajio,retail,https://example.com,No thanks I dont want style deals,2026-03-17,0,1,0,0,0,0
amazon,retail,https://example.com,Handling charges added at checkout,2026-03-17,0,0,1,0,0,0
flipkart,retail,https://example.com,No thanks I dont want this offer,2026-03-17,0,1,0,0,0,0
